"Variable / Field Name","Form Name","Section Header","Field Type","Field Label","Choices, Calculations, OR Slider Labels","Field Note","Text Validation Type OR Show Slider Number","Text Validation Min","Text Validation Max",Identifier?,"Branching Logic (Show field only if...)","Required Field?","Custom Alignment","Question Number (surveys only)","Matrix Group Name","Matrix Ranking?","Field Annotation"
seq_cde_id,seq_v10,,text,"CDE ID",,,,,,,,,,,,," @DEFAULT='seq_v10' @HIDDEN"
seq_camh_cde,seq_v10,,descriptive,"<div style=""border:1px solid black; padding:5px"">This instrument was downloaded from the CAMH Common Data Elements Library. All fields have been institutionally standardized and should not be modified. Please direct any questions or concerns to <a href=""mailto:clinical.redcap@camh.ca"">clinical.redcap@camh.ca</a>

This field is @HIDDEN</div>",,,,,,,,,,,,," @HIDDEN"
seq_datestamp,seq_v10,,text,Date,,,date_ymd,,,,,,,,,," @HIDDEN-SURVEY"
seq_intro,seq_v10,,descriptive,"<div class=""rich-text-field-label""><p><span style=""font-weight: normal;"">Please circle how confident you are that you could </span>resist <span style=""font-weight: normal;"">the temptation to smoke marijuana in the following situations.</span></p></div>",,,,,,,,,,,,,
seq_01,seq_v10,"How confident are you that you could resist the temptation to smoke marijuana if you were?",radio,"Doing monotonous work","1, <span style=""writing-mode: tb-rl; transform: rotate(-135deg)"">Not at all<br/>Confident</span><br/>1 | 2, 2 | 3, 3 | 4, 4 | 5, 5 | 6, 6 | 7, <span style=""writing-mode: tb-rl; transform: rotate(-135deg)"">Extremely<br/>Condifent</span><br/>7",,,,,,,y,,,seq_m1,,
seq_02,seq_v10,,radio,"Wanting to feel more confident","1, <span style=""writing-mode: tb-rl; transform: rotate(-135deg)"">Not at all<br/>Confident</span><br/>1 | 2, 2 | 3, 3 | 4, 4 | 5, 5 | 6, 6 | 7, <span style=""writing-mode: tb-rl; transform: rotate(-135deg)"">Extremely<br/>Condifent</span><br/>7",,,,,,,y,,,seq_m1,,
seq_03,seq_v10,,radio,Vacationing,"1, <span style=""writing-mode: tb-rl; transform: rotate(-135deg)"">Not at all<br/>Confident</span><br/>1 | 2, 2 | 3, 3 | 4, 4 | 5, 5 | 6, 6 | 7, <span style=""writing-mode: tb-rl; transform: rotate(-135deg)"">Extremely<br/>Condifent</span><br/>7",,,,,,,y,,,seq_m1,,
seq_04,seq_v10,,radio,"Seeing someone else smoking marijuana and enjoying it","1, <span style=""writing-mode: tb-rl; transform: rotate(-135deg)"">Not at all<br/>Confident</span><br/>1 | 2, 2 | 3, 3 | 4, 4 | 5, 5 | 6, 6 | 7, <span style=""writing-mode: tb-rl; transform: rotate(-135deg)"">Extremely<br/>Condifent</span><br/>7",,,,,,,y,,,seq_m1,,
seq_05,seq_v10,,radio,"Feeling depressed or worried","1, <span style=""writing-mode: tb-rl; transform: rotate(-135deg)"">Not at all<br/>Confident</span><br/>1 | 2, 2 | 3, 3 | 4, 4 | 5, 5 | 6, 6 | 7, <span style=""writing-mode: tb-rl; transform: rotate(-135deg)"">Extremely<br/>Condifent</span><br/>7",,,,,,,y,,,seq_m1,,
seq_06,seq_v10,,radio,"Drinking alcohol","1, <span style=""writing-mode: tb-rl; transform: rotate(-135deg)"">Not at all<br/>Confident</span><br/>1 | 2, 2 | 3, 3 | 4, 4 | 5, 5 | 6, 6 | 7, <span style=""writing-mode: tb-rl; transform: rotate(-135deg)"">Extremely<br/>Condifent</span><br/>7",,,,,,,y,,,seq_m1,,
seq_07,seq_v10,,radio,"Feeling like celebrating good news or an accomplishment","1, <span style=""writing-mode: tb-rl; transform: rotate(-135deg)"">Not at all<br/>Confident</span><br/>1 | 2, 2 | 3, 3 | 4, 4 | 5, 5 | 6, 6 | 7, <span style=""writing-mode: tb-rl; transform: rotate(-135deg)"">Extremely<br/>Condifent</span><br/>7",,,,,,,y,,,seq_m1,,
seq_08,seq_v10,,radio,"Feeling frustrated","1, <span style=""writing-mode: tb-rl; transform: rotate(-135deg)"">Not at all<br/>Confident</span><br/>1 | 2, 2 | 3, 3 | 4, 4 | 5, 5 | 6, 6 | 7, <span style=""writing-mode: tb-rl; transform: rotate(-135deg)"">Extremely<br/>Condifent</span><br/>7",,,,,,,y,,,seq_m1,,
seq_09,seq_v10,,radio,"Wanting to feel better about yourself","1, <span style=""writing-mode: tb-rl; transform: rotate(-135deg)"">Not at all<br/>Confident</span><br/>1 | 2, 2 | 3, 3 | 4, 4 | 5, 5 | 6, 6 | 7, <span style=""writing-mode: tb-rl; transform: rotate(-135deg)"">Extremely<br/>Condifent</span><br/>7",,,,,,,y,,,seq_m1,,
seq_10,seq_v10,,radio,"Feeling angry about something or someone","1, <span style=""writing-mode: tb-rl; transform: rotate(-135deg)"">Not at all<br/>Confident</span><br/>1 | 2, 2 | 3, 3 | 4, 4 | 5, 5 | 6, 6 | 7, <span style=""writing-mode: tb-rl; transform: rotate(-135deg)"">Extremely<br/>Condifent</span><br/>7",,,,,,,y,,,seq_m1,,
seq_11,seq_v10,,radio,"Enjoying a pleasant social situation","1, <span style=""writing-mode: tb-rl; transform: rotate(-135deg)"">Not at all<br/>Confident</span><br/>1 | 2, 2 | 3, 3 | 4, 4 | 5, 5 | 6, 6 | 7, <span style=""writing-mode: tb-rl; transform: rotate(-135deg)"">Extremely<br/>Condifent</span><br/>7",,,,,,,y,,,seq_m1,,
seq_12,seq_v10,,radio,"Having time to yourself, free of responsibilities","1, <span style=""writing-mode: tb-rl; transform: rotate(-135deg)"">Not at all<br/>Confident</span><br/>1 | 2, 2 | 3, 3 | 4, 4 | 5, 5 | 6, 6 | 7, <span style=""writing-mode: tb-rl; transform: rotate(-135deg)"">Extremely<br/>Condifent</span><br/>7",,,,,,,y,,,seq_m1,,
seq_13,seq_v10,,radio,"Using other drugs recreationally","1, <span style=""writing-mode: tb-rl; transform: rotate(-135deg)"">Not at all<br/>Confident</span><br/>1 | 2, 2 | 3, 3 | 4, 4 | 5, 5 | 6, 6 | 7, <span style=""writing-mode: tb-rl; transform: rotate(-135deg)"">Extremely<br/>Condifent</span><br/>7",,,,,,,y,,,seq_m1,,
seq_14,seq_v10,,radio,"Being at a party with people who are smoking marijuana","1, <span style=""writing-mode: tb-rl; transform: rotate(-135deg)"">Not at all<br/>Confident</span><br/>1 | 2, 2 | 3, 3 | 4, 4 | 5, 5 | 6, 6 | 7, <span style=""writing-mode: tb-rl; transform: rotate(-135deg)"">Extremely<br/>Condifent</span><br/>7",,,,,,,y,,,seq_m1,,
seq_15,seq_v10,,radio,"Feeling embarrassed","1, <span style=""writing-mode: tb-rl; transform: rotate(-135deg)"">Not at all<br/>Confident</span><br/>1 | 2, 2 | 3, 3 | 4, 4 | 5, 5 | 6, 6 | 7, <span style=""writing-mode: tb-rl; transform: rotate(-135deg)"">Extremely<br/>Condifent</span><br/>7",,,,,,,y,,,seq_m1,,
seq_16,seq_v10,,radio,"Being with a spouse or close friend who is smoking marijuana","1, <span style=""writing-mode: tb-rl; transform: rotate(-135deg)"">Not at all<br/>Confident</span><br/>1 | 2, 2 | 3, 3 | 4, 4 | 5, 5 | 6, 6 | 7, <span style=""writing-mode: tb-rl; transform: rotate(-135deg)"">Extremely<br/>Condifent</span><br/>7",,,,,,,y,,,seq_m1,,
seq_17,seq_v10,,radio,"Being in an uncomfortable social situation","1, <span style=""writing-mode: tb-rl; transform: rotate(-135deg)"">Not at all<br/>Confident</span><br/>1 | 2, 2 | 3, 3 | 4, 4 | 5, 5 | 6, 6 | 7, <span style=""writing-mode: tb-rl; transform: rotate(-135deg)"">Extremely<br/>Condifent</span><br/>7",,,,,,,y,,,seq_m1,,
seq_18,seq_v10,,radio,"Being offered marijuana by someone","1, <span style=""writing-mode: tb-rl; transform: rotate(-135deg)"">Not at all<br/>Confident</span><br/>1 | 2, 2 | 3, 3 | 4, 4 | 5, 5 | 6, 6 | 7, <span style=""writing-mode: tb-rl; transform: rotate(-135deg)"">Extremely<br/>Condifent</span><br/>7",,,,,,,y,,,seq_m1,,
seq_19,seq_v10,,radio,"Being bored, with nothing to do","1, <span style=""writing-mode: tb-rl; transform: rotate(-135deg)"">Not at all<br/>Confident</span><br/>1 | 2, 2 | 3, 3 | 4, 4 | 5, 5 | 6, 6 | 7, <span style=""writing-mode: tb-rl; transform: rotate(-135deg)"">Extremely<br/>Condifent</span><br/>7",,,,,,,y,,,seq_m1,,
seq_20,seq_v10,,radio,"Feeling stressed out and needing to calm down","1, <span style=""writing-mode: tb-rl; transform: rotate(-135deg)"">Not at all<br/>Confident</span><br/>1 | 2, 2 | 3, 3 | 4, 4 | 5, 5 | 6, 6 | 7, <span style=""writing-mode: tb-rl; transform: rotate(-135deg)"">Extremely<br/>Condifent</span><br/>7",,,,,,,y,,,seq_m1,,
seq_total_score,seq_v10," ",calc,"Total score","mean([seq_01], 
[seq_02], 
[seq_03], 
[seq_04], 
[seq_05], 
[seq_06], 
[seq_07], 
[seq_08], 
[seq_09], 
[seq_10], 
[seq_11], 
[seq_12], 
[seq_13], 
[seq_14], 
[seq_15], 
[seq_16], 
[seq_17], 
[seq_18], 
[seq_19], 
[seq_20])",,,,,,,,,,,,
