"Variable / Field Name","Form Name","Section Header","Field Type","Field Label","Choices, Calculations, OR Slider Labels","Field Note","Text Validation Type OR Show Slider Number","Text Validation Min","Text Validation Max",Identifier?,"Branching Logic (Show field only if...)","Required Field?","Custom Alignment","Question Number (surveys only)","Matrix Group Name","Matrix Ranking?","Field Annotation"
pswq_cde_id,pswq_v10,,text,CDI-ID,,,,,,,,,,,,," @HIDDEN @DEFAULT='pswq_v10'"
pswq_camh_code,pswq_v10,,descriptive,"This instrument was downloaded from the CAMH Common Data Elements Library. All fields have been institutionally standardized and should not be modified. Please direct any questions or concerns to <a href=""mailto:clinical.redcap@camh.ca"">clinical.redcap@camh.ca</a>

This field is @HIDDEN",,,,,,,,,,,,," @HIDDEN"
pswq_001,pswq_v10,"Instructions: Rate each of the following statements on a scale of 1 (""not at all typical of me"") to 5 (""very typical of me""). Please do not leave any items blank.",radio,"If I do not have enough time to do everything, I do not worry about it.","1, 1 - Not at all typical of me | 2, 2 | 3, 3 | 4, 4 | 5, 5 - Very typical of me",,,,,,,y,LV,,,,
pswq_002,pswq_v10,,radio,"My worries overwhelm me.","1, 1 - Not at all typical of me | 2, 2 | 3, 3 | 4, 4 | 5, 5 - Very typical of me",,,,,,,y,LV,,,,
pswq_003,pswq_v10,,radio,"I do not tend to worry about things.","1, 1 - Not at all typical of me | 2, 2 | 3, 3 | 4, 4 | 5, 5 - Very typical of me",,,,,,,y,LV,,,,
pswq_004,pswq_v10,,radio,"Many situations make me worry.","1, 1 - Not at all typical of me | 2, 2 | 3, 3 | 4, 4 | 5, 5 - Very typical of me",,,,,,,y,LV,,,,
pswq_005,pswq_v10,,radio,"I know I should not worry about things, but I just cannot help it.","1, 1 - Not at all typical of me | 2, 2 | 3, 3 | 4, 4 | 5, 5 - Very typical of me",,,,,,,y,LV,,,,
pswq_006,pswq_v10,,radio,"When I am under pressure I worry a lot.","1, 1 - Not at all typical of me | 2, 2 | 3, 3 | 4, 4 | 5, 5 - Very typical of me",,,,,,,y,LV,,,,
pswq_007,pswq_v10,,radio,"I am always worrying about something.","1, 1 - Not at all typical of me | 2, 2 | 3, 3 | 4, 4 | 5, 5 - Very typical of me",,,,,,,y,LV,,,,
pswq_008,pswq_v10,,radio,"I find it easy to dismiss worrisome thoughts.","1, 1 - Not at all typical of me | 2, 2 | 3, 3 | 4, 4 | 5, 5 - Very typical of me",,,,,,,y,LV,,,,
pswq_009,pswq_v10,,radio,"As soon as I finish one task, I start to worry about everything else I have to do. ","1, 1 - Not at all typical of me | 2, 2 | 3, 3 | 4, 4 | 5, 5 - Very typical of me",,,,,,,y,LV,,,,
pswq_010,pswq_v10,,radio,"I never worry about anything.","1, 1 - Not at all typical of me | 2, 2 | 3, 3 | 4, 4 | 5, 5 - Very typical of me",,,,,,,y,LV,,,,
pswq_011,pswq_v10,,radio,"When there is nothing more I can do about a concern, I do not worry about it any more.","1, 1 - Not at all typical of me | 2, 2 | 3, 3 | 4, 4 | 5, 5 - Very typical of me",,,,,,,y,LV,,,,
pswq_012,pswq_v10,,radio,"I have been a worrier all my life","1, 1 - Not at all typical of me | 2, 2 | 3, 3 | 4, 4 | 5, 5 - Very typical of me",,,,,,,y,LV,,,,
pswq_013,pswq_v10,,radio,"I notice that I have been worrying about things.","1, 1 - Not at all typical of me | 2, 2 | 3, 3 | 4, 4 | 5, 5 - Very typical of me",,,,,,,y,LV,,,,
pswq_014,pswq_v10,,radio,"Once I start worrying, I cannot stop.","1, 1 - Not at all typical of me | 2, 2 | 3, 3 | 4, 4 | 5, 5 - Very typical of me",,,,,,,y,LV,,,,
pswq_015,pswq_v10,,radio,"I worry all the time. ","1, 1 - Not at all typical of me | 2, 2 | 3, 3 | 4, 4 | 5, 5 - Very typical of me",,,,,,,y,LV,,,,
pswq_016,pswq_v10,,radio,"I worry about projects until they are all done. ","1, 1 - Not at all typical of me | 2, 2 | 3, 3 | 4, 4 | 5, 5 - Very typical of me",,,,,,,y,LV,,,,
pswq_calc,pswq_v10,,calc,"Total Score:",30+[pswq_002]+[pswq_004]+[pswq_005]+[pswq_006]+[pswq_007]+[pswq_009]+[pswq_012]+[pswq_013]+[pswq_014]+[pswq_015]+[pswq_016]-[pswq_001]-[pswq_003]-[pswq_008]-[pswq_010]-[pswq_011],,,,,,,,LV,,,," @HIDDEN-SURVEY"
