"Variable / Field Name","Form Name","Section Header","Field Type","Field Label","Choices, Calculations, OR Slider Labels","Field Note","Text Validation Type OR Show Slider Number","Text Validation Min","Text Validation Max",Identifier?,"Branching Logic (Show field only if...)","Required Field?","Custom Alignment","Question Number (surveys only)","Matrix Group Name","Matrix Ranking?","Field Annotation"
pgic_cde_id,pgic_v10,,text,"CDE ID",,,,,,,,,,,,," @DEFAULT='pgic_v10' @HIDDEN"
pgic_camh_cde,pgic_v10,,descriptive,"This instrument was downloaded from the CAMH Common Data Elements Library. All fields have been institutionally standardized and should not be modified. Please direct any questions or concerns to <a href=""mailto:clinical.redcap@camh.ca"">clinical.redcap@camh.ca</a>

This field is @HIDDEN",,,,,,,,,,,,," @HIDDEN"
pgic_01,pgic_v10,,radio,"Since the start of my treatment in this clinic, my overall status is:","1, Very Much Improved | 2, Much Improved | 3, Minimally Improved | 4, No Change | 5, Minimally Worse | 6, Much Worse | 7, Very Much Worse",,,,,,,y,LV,,,,
pgic_02,pgic_v10,,radio,"Since the last individual appointment with my main clinician, my overall status is:","1, Very Much Improved | 2, Much Improved | 3, Minimally Improved | 4, No Change | 5, Minimally Worse | 6, Much Worse | 7, Very Much Worse",,,,,,,y,LV,,,,
