"Variable / Field Name","Form Name","Section Header","Field Type","Field Label","Choices, Calculations, OR Slider Labels","Field Note","Text Validation Type OR Show Slider Number","Text Validation Min","Text Validation Max",Identifier?,"Branching Logic (Show field only if...)","Required Field?","Custom Alignment","Question Number (surveys only)","Matrix Group Name","Matrix Ranking?","Field Annotation"
mfqcsr_cde_id,mfqcsr_v10,,text,"CDE ID",,,,,,,,,,,,," @DEFAULT='mfqcsr_v10' @HIDDEN"
mfqcsr_camh_cde,mfqcsr_v10,,descriptive,"This instrument was downloaded from the CAMH Common Data Elements Library. All fields have been institutionally standardized and should not be modified. Please direct any questions or concerns to <a href=""mailto:clinical.redcap@camh.ca"">clinical.redcap@camh.ca</a>

This field is @HIDDEN",,,,,,,,,,,,," @HIDDEN"
mfqcsr_intro,mfqcsr_v10,,descriptive,"<div class=""rich-text-field-label""><p><span style=""font-weight: normal;"">This form is about how you might have been feeling or acting </span>recently<span style=""font-weight: normal;"">.</span></p> <p><span style=""font-weight: normal;"">For each question, please select how you have been feeling or acting</span> in the past two weeks<span style=""font-weight: normal;"">.</span></p> <p><span style=""font-weight: normal;"">If a sentence was not true about you, check NOT TRUE.</span><br /><span style=""font-weight: normal;"">If a sentence was only sometimes true, check SOMETIMES.</span><br /><span style=""font-weight: normal;"">If a sentence was true about you most of the time, check TRUE.</span></p></div>",,,,,,,,,,,,,
mfqcsr_001,mfqcsr_v10,,radio,"1. I felt miserable or unhappy.","0, NOT TRUE | 1, SOMETIMES | 2, TRUE",,,,,,,,LV,,,,
mfqcsr_002,mfqcsr_v10,,radio,"2. I didn't enjoy anything at all.","0, NOT TRUE | 1, SOMETIMES | 2, TRUE",,,,,,,,LV,,,,
mfqcsr_003,mfqcsr_v10,,radio,"3. I was less hungry than usual.","0, NOT TRUE | 1, SOMETIMES | 2, TRUE",,,,,,,,LV,,,,
mfqcsr_004,mfqcsr_v10,,radio,"4. I ate more than usual.","0, NOT TRUE | 1, SOMETIMES | 2, TRUE",,,,,,,,LV,,,,
mfqcsr_005,mfqcsr_v10,,radio,"5. I felt so tired I just sat around and did nothing.","0, NOT TRUE | 1, SOMETIMES | 2, TRUE",,,,,,,,LV,,,,
mfqcsr_006,mfqcsr_v10,,radio,"6. I was moving and walking more slowly than usual.","0, NOT TRUE | 1, SOMETIMES | 2, TRUE",,,,,,,,LV,,,,
mfqcsr_007,mfqcsr_v10,,radio,"7. I was very restless.","0, NOT TRUE | 1, SOMETIMES | 2, TRUE",,,,,,,,LV,,,,
mfqcsr_008,mfqcsr_v10,,radio,"8. I felt I was no good anymore.","0, NOT TRUE | 1, SOMETIMES | 2, TRUE",,,,,,,,LV,,,,
mfqcsr_009,mfqcsr_v10,,radio,"9. I blamed myself for things that weren't my fault.","0, NOT TRUE | 1, SOMETIMES | 2, TRUE",,,,,,,,LV,,,,
mfqcsr_010,mfqcsr_v10,,radio,"10. It was hard for me to make up my mind.","0, NOT TRUE | 1, SOMETIMES | 2, TRUE",,,,,,,,LV,,,,
mfqcsr_011,mfqcsr_v10,,radio,"11. I felt grumpy and cross with my parents.","0, NOT TRUE | 1, SOMETIMES | 2, TRUE",,,,,,,,LV,,,,
mfqcsr_012,mfqcsr_v10,,radio,"12. I felt like talking less than usual.","0, NOT TRUE | 1, SOMETIMES | 2, TRUE",,,,,,,,LV,,,,
mfqcsr_013,mfqcsr_v10,,radio,"13. I was talking more slowly than usual.","0, NOT TRUE | 1, SOMETIMES | 2, TRUE",,,,,,,,LV,,,,
mfqcsr_014,mfqcsr_v10,,radio,"14. I cried a lot.","0, NOT TRUE | 1, SOMETIMES | 2, TRUE",,,,,,,,LV,,,,
mfqcsr_015,mfqcsr_v10,,radio,"15. I thought there was nothing good for me in the future.","0, NOT TRUE | 1, SOMETIMES | 2, TRUE",,,,,,,,LV,,,,
mfqcsr_016,mfqcsr_v10,,radio,"16. I thought that life wasn't worth living.","0, NOT TRUE | 1, SOMETIMES | 2, TRUE",,,,,,,,LV,,,,
mfqcsr_017,mfqcsr_v10,,radio,"17. I thought about death or dying.","0, NOT TRUE | 1, SOMETIMES | 2, TRUE",,,,,,,,LV,,,,
mfqcsr_018,mfqcsr_v10,,radio,"18. I thought my family would be better off without me.","0, NOT TRUE | 1, SOMETIMES | 2, TRUE",,,,,,,,LV,,,,
mfqcsr_019,mfqcsr_v10,,radio,"19. I thought about killing myself.","0, NOT TRUE | 1, SOMETIMES | 2, TRUE",,,,,,,,LV,,,,
mfqcsr_020,mfqcsr_v10,,radio,"20. I didn't want to see my friends.","0, NOT TRUE | 1, SOMETIMES | 2, TRUE",,,,,,,,LV,,,,
mfqcsr_021,mfqcsr_v10,,radio,"21. I found it hard to think properly or concentrate.","0, NOT TRUE | 1, SOMETIMES | 2, TRUE",,,,,,,,LV,,,,
mfqcsr_022,mfqcsr_v10,,radio,"22. I thought bad things would happen to me.","0, NOT TRUE | 1, SOMETIMES | 2, TRUE",,,,,,,,LV,,,,
mfqcsr_023,mfqcsr_v10,,radio,"23. I hated myself.","0, NOT TRUE | 1, SOMETIMES | 2, TRUE",,,,,,,,LV,,,,
mfqcsr_024,mfqcsr_v10,,radio,"24. I felt I was a bad person.","0, NOT TRUE | 1, SOMETIMES | 2, TRUE",,,,,,,,LV,,,,
mfqcsr_025,mfqcsr_v10,,radio,"25. I thought I looked ugly.","0, NOT TRUE | 1, SOMETIMES | 2, TRUE",,,,,,,,LV,,,,
mfqcsr_026,mfqcsr_v10,,radio,"26. I worried about aches and pains.","0, NOT TRUE | 1, SOMETIMES | 2, TRUE",,,,,,,,LV,,,,
mfqcsr_027,mfqcsr_v10,,radio,"27. I felt lonely.","0, NOT TRUE | 1, SOMETIMES | 2, TRUE",,,,,,,,LV,,,,
mfqcsr_028,mfqcsr_v10,,radio,"28. I thought nobody really loved me.","0, NOT TRUE | 1, SOMETIMES | 2, TRUE",,,,,,,,LV,,,,
mfqcsr_029,mfqcsr_v10,,radio,"29. I didn't have any fun in school.","0, NOT TRUE | 1, SOMETIMES | 2, TRUE",,,,,,,,LV,,,,
mfqcsr_030,mfqcsr_v10,,radio,"30. I thought I could never be as good as other kids.","0, NOT TRUE | 1, SOMETIMES | 2, TRUE",,,,,,,,LV,,,,
mfqcsr_031,mfqcsr_v10,,radio,"31. I did everything wrong.","0, NOT TRUE | 1, SOMETIMES | 2, TRUE",,,,,,,,LV,,,,
mfqcsr_032,mfqcsr_v10,,radio,"32. I didn't sleep as well as I usually sleep.","0, NOT TRUE | 1, SOMETIMES | 2, TRUE",,,,,,,,LV,,,,
mfqcsr_033,mfqcsr_v10,,radio,"33. I slept a lot more than usual.","0, NOT TRUE | 1, SOMETIMES | 2, TRUE",,,,,,,,LV,,,,
mfqcsr_total_score,mfqcsr_v10," Score",calc,"Total score","[mfqcsr_001] + [mfqcsr_002] + [mfqcsr_003] + [mfqcsr_004] + [mfqcsr_005] + [mfqcsr_006] + [mfqcsr_007] + [mfqcsr_008] + [mfqcsr_009] + [mfqcsr_010] + [mfqcsr_011] + [mfqcsr_012] + [mfqcsr_013] + [mfqcsr_014] + [mfqcsr_015] + [mfqcsr_016] + [mfqcsr_017] + [mfqcsr_018] + [mfqcsr_019] + [mfqcsr_020] + [mfqcsr_021] + [mfqcsr_022] + [mfqcsr_023] + [mfqcsr_024] + [mfqcsr_025] + [mfqcsr_026] + [mfqcsr_027] + [mfqcsr_028] + [mfqcsr_029] + [mfqcsr_030] + [mfqcsr_031] + [mfqcsr_032] + [mfqcsr_033]",,,,,,,,LV,,,," @HIDDEN-SURVEY"
mfqcsr_dsm_dm,mfqcsr_v10,"DSM-5 ""A"" criteria for Major Depressive Disorder",calc,"Depressed mood or irritable
(1 = Present; 0 = Absent)","if([mfqcsr_001]='2',1, if([mfqcsr_011]='2',1, if([mfqcsr_014]='2',1, if([mfqcsr_015]='2',1, 0))))",,,,,,,,,,,," @HIDDEN-SURVEY"
mfqcsr_dsm_dp,mfqcsr_v10,,calc,"Decreased interest or pleasure
(1 = Present; 0 = Absent)","if([mfqcsr_002]='2',1, if([mfqcsr_020]='2',1, if([mfqcsr_029]='2',1, 0)))",,,,,,,,,,,," @HIDDEN-SURVEY"
mfqcsr_dsm_swc,mfqcsr_v10,,calc,"Significant weight change or change in appetite
(1 = Present; 0 = Absent)","if([mfqcsr_003]='2',1, if([mfqcsr_004]='2',1, 0))",,,,,,,,,,,," @HIDDEN-SURVEY"
mfqcsr_dsm_cs,mfqcsr_v10,,calc,"Change in sleep
(1 = Present; 0 = Absent)","if([mfqcsr_032]='2',1, if([mfqcsr_033]='2',1, 0))",,,,,,,,,,,," @HIDDEN-SURVEY"
mfqcsr_dsm_ca,mfqcsr_v10,,calc,"Change in activity
(1 = Present; 0 = Absent)","if([mfqcsr_006]='2',1, if([mfqcsr_007]='2',1, if([mfqcsr_013]='2',1, 0)))",,,,,,,,,,,," @HIDDEN-SURVEY"
mfqcsr_dsm_f,mfqcsr_v10,,calc,"Fatigue
(1 = Present; 0 = Absent)","if([mfqcsr_005]='2',1, 0)",,,,,,,,,,,," @HIDDEN-SURVEY"
mfqcsr_dsm_gw,mfqcsr_v10,,calc,"Guilt/ worthlessness
(1 = Present; 0 = Absent)","if([mfqcsr_008]='2',1, if([mfqcsr_009]='2',1, if([mfqcsr_023]='2',1, if([mfqcsr_024]='2',1, if([mfqcsr_028]='2',1, if([mfqcsr_030]='2',1, if([mfqcsr_031]='2',1, 0)))))))",,,,,,,,,,,," @HIDDEN-SURVEY"
mfqcsr_dsm_c,mfqcsr_v10,,calc,"Concentration
(1 = Present; 0 = Absent)","if([mfqcsr_010]='2',1, if([mfqcsr_021]='2',1, 0))",,,,,,,,,,,," @HIDDEN-SURVEY"
mfqcsr_dsm_s,mfqcsr_v10,,calc,"Suicidality
(1 = Present; 0 = Absent)","if([mfqcsr_016]='2',1, if([mfqcsr_017]='2',1, if([mfqcsr_018]='2',1, if([mfqcsr_019]='2',1, 0))))",,,,,,,,,,,," @HIDDEN-SURVEY"
mfqcsr_dsm_total,mfqcsr_v10,,calc,"Sum of DSM-5 criteria

>=6: moderate to severe depression if significant functional impairment is also present ","sum([mfqcsr_dsm_dm], [mfqcsr_dsm_dp], [mfqcsr_dsm_swc], [mfqcsr_dsm_cs], [mfqcsr_dsm_ca], [mfqcsr_dsm_f], [mfqcsr_dsm_gw], [mfqcsr_dsm_c], [mfqcsr_dsm_s])",,,,,,,,LV,,,," @HIDDEN-SURVEY"
