Variable / Field Name,Form Name,Section Header,Field Type,Field Label,"Choices, Calculations, OR Slider Labels",Field Note,Text Validation Type OR Show Slider Number,Text Validation Min,Text Validation Max,Identifier?,Branching Logic (Show field only if...),Required Field?,Custom Alignment,Question Number (surveys only),Matrix Group Name,Matrix Ranking?,Field Annotation
cuditr_cde_id,cuditr_v10,,text,CDE ID,,,,,,,,,,,,, @DEFAULT='cuditr_v10' @HIDDEN
cuditr_camh_cde,cuditr_v10,,descriptive,"<div style=""border:1px solid black; padding:5px"">This instrument was downloaded from the CAMH Common Data Elements Library. All fields have been institutionally standardized and should not be modified. Please direct any questions or concerns to <a href=""mailto:clinical.redcap@camh.ca"">clinical.redcap@camh.ca</a>

This field is @HIDDEN</div>",,,,,,,,,,,,, @HIDDEN
cuditr_datestamp,cuditr_v10,,text,Date,,,date_ymd,,,,,,,,,, @HIDDEN-SURVEY @TODAY
cuditr_yn,cuditr_v10, ,yesno,Have you used any cannabis over the past six months? ,,,,,,,,y,LH,,,,
cuditr_intro,cuditr_v10,,descriptive,Please answer the following questions about your cannabis use. Circle the response that is most correct for you in relation to your cannabis use over the past six months ,,,,,,,[cuditr_yn] = '1',,,,,,
cuditr_01,cuditr_v10, ,radio,How often do you use cannabis? ,"0, 0: Never  | 1, 1: Monthly or less  | 2, 2: 2-4 times  a month  | 3, 3: 2-3 times  a week  | 4, 4: 4 or more times  a week",,,,,,[cuditr_yn]=1,y,LV,,,,
cuditr_02,cuditr_v10,,radio,"How many hours were you ""stoned"" on a typical day when you had been using cannabis? ","0, 0: Less than 1 | 1, 1: 1 or 2 | 2, 2: 3 or 4 | 3, 3: 5 or 6 | 4, 4: 7 or more",,,,,,[cuditr_yn]=1,y,LV,,,,
cuditr_03,cuditr_v10,,radio,How often during the past 6 months did you find that you were not able to stop using cannabis once you had started? ,"0, 0: Never  | 1, 1: Less than monthly  | 2, 2: Monthly  | 3, 3: Weekly  | 4, 4: Daily or  almost daily",,,,,,[cuditr_yn]=1,y,LV,,,,
cuditr_04,cuditr_v10,,radio,How often during the past 6 months did you fail to do what was normally expected from you because of using cannabis? ,"0, 0: Never  | 1, 1: Less than monthly  | 2, 2: Monthly  | 3, 3: Weekly  | 4, 4: Daily or  almost daily",,,,,,[cuditr_yn]=1,y,LV,,,,
cuditr_05,cuditr_v10,,radio,"How often in the past 6 months have you devoted a great deal of your time to getting, using, or recovering from cannabis? ","0, 0: Never  | 1, 1: Less than monthly  | 2, 2: Monthly  | 3, 3: Weekly  | 4, 4: Daily or  almost daily",,,,,,[cuditr_yn]=1,y,LV,,,,
cuditr_06,cuditr_v10,,radio,How often in the past 6 months have you had a problem with your memory or concentration after using cannabis? ,"0, 0: Never  | 1, 1: Less than monthly  | 2, 2: Monthly  | 3, 3: Weekly  | 4, 4: Daily or  almost daily",,,,,,[cuditr_yn]=1,y,LV,,,,
cuditr_07,cuditr_v10,,radio,"How often do you use cannabis in situations that could be physically hazardous, such as driving, operating machinery, or caring for children?","0, 0: Never | 1, 1: Less than monthly | 2, 2: Monthly | 3, 3: Weekly | 4, 4: Daily or  almost daily",,,,,,[cuditr_yn]=1,y,LV,,,,
cuditr_08,cuditr_v10,,radio,"Have you ever thought about cutting down, or stopping, your use of cannabis? ","0, 0: Never | 2, 2: Yes, but not in the past 6 months | 4, 4: Yes, during the past 6 months",,,,,,[cuditr_yn]=1,y,LV,,,,
cuditr_total_score,cuditr_v10, ,calc,Total score,[cuditr_01] + [cuditr_02] + [cuditr_03] + [cuditr_04] + [cuditr_05] + [cuditr_06] + [cuditr_07] + [cuditr_08],,,,,,,,,,,, @HIDDEN-SURVEY
cuditr_ref,cuditr_v10,,descriptive,"<span style=""font-size: smaller; font-weight: normal;"">Adamson SJ, Kay-Lambkin FJ, Baker AL, Lewin TJ, Thornton L, Kelly BJ, and Sellman JD. (2010). An Improved Brief Measure of Cannabis Misuse: The Cannabis Use Disorders Identification Test -- Revised (cuditr-R). <em>Drug and Alcohol Dependence </em>110:137-143. </span>",,,,,,,,,,,,,
