"Variable / Field Name","Form Name","Section Header","Field Type","Field Label","Choices, Calculations, OR Slider Labels","Field Note","Text Validation Type OR Show Slider Number","Text Validation Min","Text Validation Max",Identifier?,"Branching Logic (Show field only if...)","Required Field?","Custom Alignment","Question Number (surveys only)","Matrix Group Name","Matrix Ranking?","Field Annotation"
dass_cde_id,dass_v10,,text,CDE-ID,,,,,,,,,,,,," @HIDDEN @DEFAULT='dass_v10'"
dass_camh_cde,dass_v10,,descriptive,"This instrument was downloaded from the CAMH Common Data Elements Library. All fields have been institutionally standardized and should not be modified. Please direct any questions or concerns to <a href=""mailto:clinical.redcap@camh.ca"">clinical.redcap@ca",,,,,,,,,,,,," @HIDDEN"
dass_date,dass_v10,,text,Date,,,datetime_ymd,,,,,,,,,," @NOW @READONLY"
dass_intro,dass_v10,,descriptive,"<div class=""rich-text-field-label""><p><span style=""font-weight: normal;"">Please read each statement and select a number 0, 1, 2 or 3 which indicates how much the statement applied to you <u>over the past week</u>. There are no right or wrong answers. Do not spend too much time on any statement.</span></p> <p><em><span style=""font-weight: normal;"">The rating scale is as follows:</span></em></p> <p><span style=""font-weight: normal;"">0: Did not apply to me at all - NEVER</span><br /><span style=""font-weight: normal;"">1: Applied to me to some degree, or some of the time - SOMETIMES</span><br /><span style=""font-weight: normal;"">2: Applied to me to a considerable degree, or a good part of time - OFTEN</span><br /><span style=""font-weight: normal;"">3: Applied to me very much, or most of the time - ALMOST ALWAYS</span></p></div>",,,,,,,,,,,,,
dass_001,dass_v10," ",radio,"I found it hard to wind down","0, 0: Never | 1, 1: Sometimes | 2, 2: Often | 3, 3: Almost Always",,,,,,,y,,,dass_m1,,
dass_002,dass_v10,,radio,"I was aware of dryness of my mouth","0, 0: Never | 1, 1: Sometimes | 2, 2: Often | 3, 3: Almost Always",,,,,,,y,,,dass_m1,,
dass_003,dass_v10,,radio,"I couldn't seem to experience any positive feeling at all","0, 0: Never | 1, 1: Sometimes | 2, 2: Often | 3, 3: Almost Always",,,,,,,y,,,dass_m1,,
dass_004,dass_v10,,radio,"I experienced breathing difficulty (eg, excessively rapid breathing, breathlessness in the absence of physical exertion)","0, 0: Never | 1, 1: Sometimes | 2, 2: Often | 3, 3: Almost Always",,,,,,,y,,,dass_m1,,
dass_005,dass_v10,,radio,"I found it difficult to work up the initiative to do things","0, 0: Never | 1, 1: Sometimes | 2, 2: Often | 3, 3: Almost Always",,,,,,,y,,,dass_m1,,
dass_006,dass_v10,,radio,"I tended to over-react to situations","0, 0: Never | 1, 1: Sometimes | 2, 2: Often | 3, 3: Almost Always",,,,,,,y,,,dass_m1,,
dass_007,dass_v10,,radio,"I experienced trembling (eg, in the hands)","0, 0: Never | 1, 1: Sometimes | 2, 2: Often | 3, 3: Almost Always",,,,,,,y,,,dass_m1,,
dass_008,dass_v10,,radio,"I felt that I was using a lot of nervous energy","0, 0: Never | 1, 1: Sometimes | 2, 2: Often | 3, 3: Almost Always",,,,,,,y,,,dass_m1,,
dass_009,dass_v10,,radio,"I was worried about situations in which I might panic and make a fool of myself","0, 0: Never | 1, 1: Sometimes | 2, 2: Often | 3, 3: Almost Always",,,,,,,y,,,dass_m1,,
dass_010,dass_v10,,radio,"I felt that I had nothing to look forward to","0, 0: Never | 1, 1: Sometimes | 2, 2: Often | 3, 3: Almost Always",,,,,,,y,,,dass_m1,,
dass_011,dass_v10,,radio,"I found myself getting agitated","0, 0: Never | 1, 1: Sometimes | 2, 2: Often | 3, 3: Almost Always",,,,,,,y,,,dass_m1,,
dass_012,dass_v10,,radio,"I found it difficult to relax","0, 0: Never | 1, 1: Sometimes | 2, 2: Often | 3, 3: Almost Always",,,,,,,y,,,dass_m1,,
dass_013,dass_v10,,radio,"I felt down-hearted and blue","0, 0: Never | 1, 1: Sometimes | 2, 2: Often | 3, 3: Almost Always",,,,,,,y,,,dass_m1,,
dass_014,dass_v10,,radio,"I was intolerant of anything that kept me from getting on with what I was doing","0, 0: Never | 1, 1: Sometimes | 2, 2: Often | 3, 3: Almost Always",,,,,,,y,,,dass_m1,,
dass_015,dass_v10,,radio,"I felt I was close to panic","0, 0: Never | 1, 1: Sometimes | 2, 2: Often | 3, 3: Almost Always",,,,,,,y,,,dass_m1,,
dass_016,dass_v10,,radio,"I was unable to become enthusiastic about anything","0, 0: Never | 1, 1: Sometimes | 2, 2: Often | 3, 3: Almost Always",,,,,,,y,,,dass_m1,,
dass_017,dass_v10,,radio,"I felt I wasn't worth much as a person","0, 0: Never | 1, 1: Sometimes | 2, 2: Often | 3, 3: Almost Always",,,,,,,y,,,dass_m1,,
dass_018,dass_v10,,radio,"I felt that I was rather touchy","0, 0: Never | 1, 1: Sometimes | 2, 2: Often | 3, 3: Almost Always",,,,,,,y,,,dass_m1,,
dass_019,dass_v10,,radio,"I was aware of the action of my heart in the absence of physical exertion (eg, sense of heart rate increase, heart missing a beat)","0, 0: Never | 1, 1: Sometimes | 2, 2: Often | 3, 3: Almost Always",,,,,,,y,,,dass_m1,,
dass_020,dass_v10,,radio,"I felt scared without any good reason","0, 0: Never | 1, 1: Sometimes | 2, 2: Often | 3, 3: Almost Always",,,,,,,y,,,dass_m1,,
dass_021,dass_v10,,radio,"I felt that life was meaningless","0, 0: Never | 1, 1: Sometimes | 2, 2: Often | 3, 3: Almost Always",,,,,,,y,,,dass_m1,,
dass_note,dass_v10,,descriptive,"DEVELOPER NOTE: THESE SCORES SHOULD BE MOVED FROM THIS FORM TO THE PHYSICIAN REPORT ",,,,,,,,,,,,," @HIDDEN"
dass_dep_tot,dass_v10,"DASS 21 SCORE",calc,"Depression total","[dass_003] + [dass_005] + [dass_010] + [dass_013] + [dass_016] + [dass_017] + [dass_021]",,,,,,,,,,,," @HIDDEN"
dass_dep_norm,dass_v10,,descriptive,"<div style=""width: 50%; float: left; padding: 6px;"">Depression score</div><div style=""width: 25%; float: left; padding: 6px;""><font color=""blue"">[dass_dep_tot]</font></div><div style=""width: 25%; float: left;"" class=""green""><center>Normal</center></div>",,,,,,,"[dass_dep_tot]>=0 and [dass_dep_tot]<=4",,,,,,
dass_dep_mild,dass_v10,,descriptive,"<div style=""width: 50%; float: left; padding: 6px;"">Depression score</div> <div style=""width: 25%; float: left; padding: 6px;""><span style=""color: blue;"">[dass_dep_tot]</span></div> <div class=""yellow"" style=""width: 25%; float: left;""><center>Mild</center></div>",,,,,,,"[dass_dep_tot]>=5 and [dass_dep_tot]<=6",,,,,,
dass_dep_mod,dass_v10,,descriptive,"<div style=""width: 50%; float: left; padding: 6px;"">Depression score</div> <div style=""width: 25%; float: left; padding: 6px;""><span style=""color: blue;"">[dass_dep_tot]</span></div> <div class=""yellow"" style=""width: 25%; float: left;""><center><strong>Moderate</strong></center></div>",,,,,,,"[dass_dep_tot]>=7 and [dass_dep_tot]<=10",,,,,,
dass_dep_sev,dass_v10,,descriptive,"<div style=""width: 50%; float: left; padding: 6px;"">Depression score</div> <div style=""width: 25%; float: left; padding: 6px;""><span style=""color: blue;"">[dass_dep_tot]</span></div> <div class=""red"" style=""width: 25%; float: left;""><center>Severe</center></div>",,,,,,,"[dass_dep_tot]>=11 and [dass_dep_tot]<=13",,,,,,
dass_dep_esev,dass_v10,,descriptive,"<div style=""width: 50%; float: left; padding: 6px;"">Depression score</div> <div style=""width: 25%; float: left; padding: 6px;""><span style=""color: blue;"">[dass_dep_tot]</span></div> <div class=""red"" style=""width: 25%; float: left;""><center><strong>Extremely Severe</strong></center></div>",,,,,,,[dass_dep_tot]>=14,,,,,,
dass_anx_tot,dass_v10,,calc,"Anxiety total","[dass_002] + [dass_004] + [dass_007] + [dass_009] + [dass_015] + [dass_019] + [dass_020]",,,,,,,,,,,," @HIDDEN"
dass_anx_norm,dass_v10,,descriptive,"<div style=""width: 50%; float: left; padding: 6px;"">Anxiety score</div><div style=""width: 25%; float: left; padding: 6px;""><font color=""blue"">[dass_anx_tot]</font></div><div style=""width: 25%; float: left;"" class=""green""><center>Normal</center></div>",,,,,,,"[dass_anx_tot]>=0 and [dass_anx_tot]<=3",,,,,,
dass_anx_mild,dass_v10,,descriptive,"<div style=""width: 50%; float: left; padding: 6px;"">Anxiety score</div> <div style=""width: 25%; float: left; padding: 6px;""><span style=""color: blue;"">[dass_anx_tot]</span></div> <div class=""yellow"" style=""width: 25%; float: left;""><center>Mild</center></div>",,,,,,,"[dass_anx_tot]>=4 and [dass_anx_tot]<=5",,,,,,
dass_anx_mod,dass_v10,,descriptive,"<div style=""width: 50%; float: left; padding: 6px;"">Anxiety score</div> <div style=""width: 25%; float: left; padding: 6px;""><span style=""color: blue;"">[dass_anx_tot]</span></div> <div class=""yellow"" style=""width: 25%; float: left;""><center><strong>Moderate</strong></center></div>",,,,,,,"[dass_anx_tot]>=6 and [dass_anx_tot]<=7",,,,,,
dass_anx_sev,dass_v10,,descriptive,"<div style=""width: 50%; float: left; padding: 6px;"">Anxiety score</div> <div style=""width: 25%; float: left; padding: 6px;""><span style=""color: blue;"">[dass_anx_tot]</span></div> <div class=""red"" style=""width: 25%; float: left;""><center>Severe</center></div>",,,,,,,"[dass_anx_tot]>=8 and [dass_anx_tot]<=9",,,,,,
dass_anx_esev,dass_v10,,descriptive,"<div style=""width: 50%; float: left; padding: 6px;"">Anxiety score</div> <div style=""width: 25%; float: left; padding: 6px;""><span style=""color: blue;"">[dass_anx_tot]</span></div> <div class=""red"" style=""width: 25%; float: left;""><center><strong>Extremely Severe</strong></center></div>",,,,,,,[dass_anx_tot]>=10,,,,,,
dass_str_tot,dass_v10,,calc,"Stress total","[dass_001] + [dass_006] + [dass_008] + [dass_011] + [dass_012] + [dass_014] + [dass_018]",,,,,,,,,,,," @HIDDEN"
dass_str_norm,dass_v10,,descriptive,"<div style=""width: 50%; float: left; padding: 6px;"">Stress score</div><div style=""width: 25%; float: left; padding: 6px;""><font color=""blue"">[dass_str_tot]</font></div><div style=""width: 25%; float: left;"" class=""green""><center>Normal</center></div>",,,,,,,"[dass_str_tot]>=0 and [dass_str_tot]<=7",,,,,,
dass_str_mild,dass_v10,,descriptive,"<div style=""width: 50%; float: left; padding: 6px;"">Stress score</div> <div style=""width: 25%; float: left; padding: 6px;""><span style=""color: blue;"">[dass_str_tot]</span></div> <div class=""yellow"" style=""width: 25%; float: left;""><center>Mild</center></div>",,,,,,,"[dass_str_tot]>=8 and [dass_str_tot]<=9",,,,,,
dass_str_mod,dass_v10,,descriptive,"<div style=""width: 50%; float: left; padding: 6px;"">Stress score</div> <div style=""width: 25%; float: left; padding: 6px;""><span style=""color: blue;"">[dass_str_tot]</span></div> <div class=""yellow"" style=""width: 25%; float: left;""><center><strong>Moderate</strong></center></div>",,,,,,,"[dass_str_tot]>=10 and [dass_str_tot]<=12",,,,,,
dass_str_sev,dass_v10,,descriptive,"<div style=""width: 50%; float: left; padding: 6px;"">Stress score</div> <div style=""width: 25%; float: left; padding: 6px;""><span style=""color: blue;"">[dass_str_tot]</span></div> <div class=""red"" style=""width: 25%; float: left;""><center>Severe</center></div>",,,,,,,"[dass_str_tot]>=13 and [dass_str_tot]<=16",,,,,,
dass_str_esev,dass_v10,,descriptive,"<div style=""width: 50%; float: left; padding: 6px;"">Stress score</div> <div style=""width: 25%; float: left; padding: 6px;""><span style=""color: blue;"">[dass_str_tot]</span></div> <div class=""red"" style=""width: 25%; float: left;""><center><strong>Extremely Severe</strong></center></div>",,,,,,,[dass_str_tot]>=17,,,,,,
