"Variable / Field Name","Form Name","Section Header","Field Type","Field Label","Choices, Calculations, OR Slider Labels","Field Note","Text Validation Type OR Show Slider Number","Text Validation Min","Text Validation Max",Identifier?,"Branching Logic (Show field only if...)","Required Field?","Custom Alignment","Question Number (surveys only)","Matrix Group Name","Matrix Ranking?","Field Annotation"
dast10_cde_id,dast10_v10,,text,"CDE ID",,,,,,,,,,,,," @DEFAULT='dast10_v10' @HIDDEN"
dast10_camh_cde,dast10_v10,,descriptive,"This instrument was downloaded from the CAMH Common Data Elements Library. All fields have been institutionally standardized and should not be modified. Please direct any questions or concerns to <a href=""mailto:clinical.redcap@camh.ca"">clinical.redcap@camh.ca</a>

This field is @HIDDEN",,,,,,,,,,,,," @HIDDEN"
dast10_intro,dast10_v10,,descriptive,"<div class=""rich-text-field-label""><p><span style=""font-weight: normal;"">The following questions concern information about your possible involvement with drugs <em>not including alcoholic beverages</em>",,,,,,,,,,,,,
dast10_01,dast10_v10,,yesno,"Have you used drugs other than those required for medical reasons?",,,,,,,,y,LV,,,,
dast10_02,dast10_v10,,yesno,"Do you use more than one drug at a time?",,,,,,,,y,LV,,,,
dast10_03,dast10_v10,,yesno,"Are you always able to stop using drugs when you want to?",,,,,,,,y,LV,,,,
dast10_04,dast10_v10,,yesno,"Have you had ""blackouts"" or ""flashbacks"" as a result of drug use?",,,,,,,,y,LV,,,,
dast10_05,dast10_v10,,yesno,"Do you ever feel bad or guilty about your drug use?",,,,,,,,y,LV,,,,
dast10_06,dast10_v10,,yesno,"Does your spouse (or parents) ever complain about your involvement with drugs?",,,,,,,,y,LV,,,,
dast10_07,dast10_v10,,yesno,"Have you neglected your family because of your use of drugs?",,,,,,,,y,LV,,,,
dast10_08,dast10_v10,,yesno,"Have you engaged in illegal activities in order to obtain drugs?",,,,,,,,y,LV,,,,
dast10_09,dast10_v10,,yesno,"Have you ever experienced withdrawal symptoms (felt sick) when you stopped taking drugs?",,,,,,,,y,LV,,,,
dast10_10,dast10_v10,,yesno,"Have you had medical problems as a result of your drug use (e.g., memory loss, hepatitis, convulsions, bleeding, etc.)?",,,,,,,,y,LV,,,,
dast10_total,dast10_v10,,calc,"DAST-10 Total Score","[dast10_01] + [dast10_02] + (1-[dast10_03]) + [dast10_04] + [dast10_05] + [dast10_06] + [dast10_07] + [dast10_08] + [dast10_09] + [dast10_10]",,,,,,,,,,,," @HIDDEN-APP @HIDDEN-SURVEY"
