﻿"Variable / Field Name","Form Name","Section Header","Field Type","Field Label","Choices, Calculations, OR Slider Labels","Field Note","Text Validation Type OR Show Slider Number","Text Validation Min","Text Validation Max",Identifier?,"Branching Logic (Show field only if...)","Required Field?","Custom Alignment","Question Number (surveys only)","Matrix Group Name","Matrix Ranking?","Field Annotation"
cis_cde_id,cis_v10,,text,"CDE ID",,,,,,,,,,,,," @DEFAULT='cis_v10' @HIDDEN"
cis_camh_cde,cis_v10,,descriptive,"This instrument was downloaded from the CAMH Common Data Elements Library. All fields have been institutionally standardized and should not be modified. Please direct any questions or concerns to <a href=""mailto:clinical.redcap@camh.ca"">clinical.redcap@camh.ca</a>

This field is @HIDDEN",,,,,,,,,,,,," @HIDDEN"
cis_total_score,cis_v10,,calc,"Total Score","if([cis_001]=5,0,[cis_001]) + 
if([cis_002]=5,0,[cis_002]) + 
if([cis_003]=5,0,[cis_003]) + 
if([cis_004]=5,0,[cis_004]) + 
if([cis_005]=5,0,[cis_005]) + 
if([cis_006]=5,0,[cis_006]) + 
if([cis_007]=5,0,[cis_007]) + 
if([cis_008]=5,0,[cis_008]) + 
if([cis_009]=5,0,[cis_009]) + 
if([cis_010]=5,0,[cis_010]) + 
if([cis_011]=5,0,[cis_011]) + 
if([cis_012]=5,0,[cis_012]) + 
if([cis_013]=5,0,[cis_013])",,,,,,,,RH,,,," @HIDDEN-SURVEY"
cis_datetime,cis_v10,"<div class=""rich-text-field-label""></div>",text,Date/time,,,datetime_dmy,,,,,,,,,," @NOW @HIDDEN-SURVEY"
cis_intro0,cis_v10,,descriptive,"<div class=""rich-text-field-label""><p style=""text-align: center;"">INSTRUCTIONS FOR YOUTH</p> <p style=""text-align: left;""><span style=""font-weight: normal;"">To help us improve the quality of the service that you receive, we are asking you to complete the rating scale (C.I.S.) below. This will help us determine the area or areas in which you need to work on, and the progress that you make in these areas. It also will give us information that will assist us in making changes in your treatment plan to better</span><br /><span style=""font-weight: normal;"">meet your needs.</span></p> <p style=""text-align: left;""><span style=""font-weight: normal;"">There are thirteen areas of behavior for you to rate from 0 (No problem) for you to 4 (Very bad problem) for you. Rate each item by selecting the number that is best describes your behavior at the present time. Since your behavior will change over time, only take into consideration how you feel your recent behavior (within the past week or two) has been. PLEASE RATE ALL THIRTEEN ITEMS. Indicate the number 5 if you don't know</span><span style=""font-weight: normal;"">or the question does not apply to you. If you do not understand an item or items ask your clinician to clarify it for you. Your clinician will be glad to do so.</span></p></div>",,,,,,,,,,,,,
cis_intro,cis_v10,,descriptive,"<p><span style=""font-weight: normal;"">Please select the number that you think best describes your situation:</span></p> <table style=""height: 72px; width: 100%; border-collapse: collapse;"" border=""1""> <tbody> <tr style=""height: 18px;""> <td style=""width: 68px; text-align: center; height: 18px;""><span style=""font-weight: normal;"">0 ...</span></td> <td style=""width: 61px; text-align: center; height: 18px;""><span style=""font-weight: normal;"">... 1 ...</span></td> <td style=""width: 69px; text-align: center; height: 18px;""><span style=""font-weight: normal;"">... 2 ...</span></td> <td style=""width: 61px; text-align: center; height: 18px;""><span style=""font-weight: normal;"">... 3 ... </span></td> <td style=""width: 69px; text-align: center; height: 18px;""><span style=""font-weight: normal;"">... 4</span></td> <td style=""width: 90px; text-align: center; height: 18px;""><span style=""font-weight: normal;"">5</span></td> </tr> <tr style=""height: 54px;""> <td style=""width: 68px; height: 54px;""><span style=""font-weight: normal;"">No problem</span></td> <td style=""width: 61px; height: 54px;""> </td> <td style=""width: 69px; height: 54px;""><span style=""font-weight: normal;"">Some problem</span></td> <td style=""width: 61px; height: 54px;""> </td> <td style=""width: 69px; height: 54px;""><span style=""font-weight: normal;"">Very bad problem</span></td> <td style=""width: 90px; height: 54px;""><span style=""font-weight: normal;"">Not applicable/ Don't know</span></td> </tr> </tbody> </table> <p> </p>",,,,,,,,,,,,,
cis_001,cis_v10,"In general, how much of a problem do you think you have with:",radio,"1)...getting into trouble?","0, No problem<br />0 | 1, 1 | 2, Some problem<br />2 | 3, 3 | 4, Very bad problem<br />4 | 5, N/A or Don't know",,,,,,,,,,cis_m1,,
cis_002,cis_v10,,radio,"2)...getting along with your mother/mother figure.","0, No problem<br />0 | 1, 1 | 2, Some problem<br />2 | 3, 3 | 4, Very bad problem<br />4 | 5, N/A or Don't know",,,,,,,,,,cis_m1,,
cis_003,cis_v10,,radio,"3)...getting along with your father/father figure.","0, No problem<br />0 | 1, 1 | 2, Some problem<br />2 | 3, 3 | 4, Very bad problem<br />4 | 5, N/A or Don't know",,,,,,,,,,cis_m1,,
cis_004,cis_v10,,radio,"4)...feeling unhappy or sad?","0, No problem<br />0 | 1, 1 | 2, Some problem<br />2 | 3, 3 | 4, Very bad problem<br />4 | 5, N/A or Don't know",,,,,,,,,,cis_m1,,
cis_005,cis_v10,"How much of a problem would you say you have:",radio,"5)...with your behavior at school? (or at your job)","0, No problem<br />0 | 1, 1 | 2, Some problem<br />2 | 3, 3 | 4, Very bad problem<br />4 | 5, N/A or Don't know",,,,,,,,,,cis_m2,,
cis_006,cis_v10,,radio,"6)...with having fun?","0, No problem<br />0 | 1, 1 | 2, Some problem<br />2 | 3, 3 | 4, Very bad problem<br />4 | 5, N/A or Don't know",,,,,,,,,,cis_m2,,
cis_007,cis_v10,,radio,"7)...getting along with adults other than (your mother and/or your father)?","0, No problem<br />0 | 1, 1 | 2, Some problem<br />2 | 3, 3 | 4, Very bad problem<br />4 | 5, N/A or Don't know",,,,,,,,,,cis_m2,,
cis_008,cis_v10,"How much of a problem do you have:",radio,"8)...with feeling nervous or afraid?","0, No problem<br />0 | 1, 1 | 2, Some problem<br />2 | 3, 3 | 4, Very bad problem<br />4 | 5, N/A or Don't know",,,,,,,,,,cis_m3,,
cis_009,cis_v10,,radio,"9)...getting along with your sister(s) and/or brother(s)?","0, No problem<br />0 | 1, 1 | 2, Some problem<br />2 | 3, 3 | 4, Very bad problem<br />4 | 5, N/A or Don't know",,,,,,,,,,cis_m3,,
cis_010,cis_v10,,radio,"10)...getting along with other kids your age?","0, No problem<br />0 | 1, 1 | 2, Some problem<br />2 | 3, 3 | 4, Very bad problem<br />4 | 5, N/A or Don't know",,,,,,,,,,cis_m3,,
cis_011,cis_v10,"How much of a problem would you say you have:",radio,"11)...getting involved in activities like sports or hobbies?","0, No problem<br />0 | 1, 1 | 2, Some problem<br />2 | 3, 3 | 4, Very bad problem<br />4 | 5, N/A or Don't know",,,,,,,,,,cis_m4,,
cis_012,cis_v10,,radio,"12)...with your school work (doing your job)?","0, No problem<br />0 | 1, 1 | 2, Some problem<br />2 | 3, 3 | 4, Very bad problem<br />4 | 5, N/A or Don't know",,,,,,,,,,cis_m4,,
cis_013,cis_v10,,radio,"13)...with your behavior at home?","0, No problem<br />0 | 1, 1 | 2, Some problem<br />2 | 3, 3 | 4, Very bad problem<br />4 | 5, N/A or Don't know",,,,,,,,,,cis_m4,,
