"Variable / Field Name","Form Name","Section Header","Field Type","Field Label","Choices, Calculations, OR Slider Labels","Field Note","Text Validation Type OR Show Slider Number","Text Validation Min","Text Validation Max",Identifier?,"Branching Logic (Show field only if...)","Required Field?","Custom Alignment","Question Number (surveys only)","Matrix Group Name","Matrix Ranking?","Field Annotation"
bpi_cde_id,bpi_v10,,text,CDE-ID,,,,,,,,,,,,," @HIDDEN @DEFAULT='bpi_v10'"
bpi_camh_cde,bpi_v10,,descriptive,"This instrument was downloaded from the CAMH Common Data Elements Library. All fields have been institutionally standardized and should not be modified. Please direct any questions or concerns to <a href=""mailto:clinical.redcap@camh.ca"">clinical.redcap@camh.ca</a>

This field is @HIDDEN",,,,,,,,,,,,," @HIDDEN"
bpi_datetime,bpi_v10,,text,"Date and time",,,datetime_ymd,,,,,,,,,," @NOW"
bpi_001,bpi_v10,,yesno,"Throughout our lives, most of us have had pain from time to time (such as minor headaches, sprains, and toothaches). Have you had pain other than these everyday kinds of pain today?",,,,,,,,,,1),,,
bpi_002,bpi_v10,,notes,"What area of your body hurts the most?",,,,,,,,,LV,2),,,
bpi_003,bpi_v10,"<div style=""width:60%; float:right; "" ><div style=""width:50%; float:left""><br/>No Pain</div><div  style=""width:50%; float:left; text-align: right"">Pain as bad as
you can imagine</div></div>",radio,"Please rate your pain by choosing a number between 0 and 10 that best describes your pain at its worse in the last 24 hrs.","0, 0 | 1, 1 | 2, 2 | 3, 3 | 4, 4 | 5, 5 | 6, 6 | 7, 7 | 8, 8 | 9, 9 | 10, 10",,,,,,,,,3),m1,,
bpi_004,bpi_v10,,radio,"Please rate your pain by choosing a number between 0 and 10 that best describes your pain at its least in the last 24 hours","0, 0 | 1, 1 | 2, 2 | 3, 3 | 4, 4 | 5, 5 | 6, 6 | 7, 7 | 8, 8 | 9, 9 | 10, 10",,,,,,,,,4),m1,,
bpi_005,bpi_v10,,radio,"Please rate your pain by choosing the number between 0 and 10 that best describes your pain on the average.","0, 0 | 1, 1 | 2, 2 | 3, 3 | 4, 4 | 5, 5 | 6, 6 | 7, 7 | 8, 8 | 9, 9 | 10, 10",,,,,,,,,5),m1,,
bpi_006,bpi_v10,,radio,"Please rate your pain by choosing a number between 0 and 10 that best describes your pain right now.","0, 0 | 1, 1 | 2, 2 | 3, 3 | 4, 4 | 5, 5 | 6, 6 | 7, 7 | 8, 8 | 9, 9 | 10, 10",,,,,,,,,6),m1,,
bpi_007,bpi_v10,,notes,"What treatments or medications are you receiving for your pain?",,,,,,,,,LV,7),,,
bpi_008,bpi_v10,,radio,"In the past 24 hours, how much relief have pain treatments or medications provided? Please choose the one percentage that most shows how much relief you have received.","0, 0% | 1, 10% | 2, 20% | 3, 30% | 4, 40% | 5, 50% | 6, 60% | 7, 70% | 8, 80% | 9, 90% | 10, 100%",,,,,,,,,8),,,
bpi_009a,bpi_v10,"9) Choose the one number that describes how, during the past 24 hours, pain has interfered with your:


<div style=""width:60%; float:right; "" ><div style=""width:50%; float:left"">Does not interfere</div><div  style=""width:50%; float:left; text-align: right"">Completely interferes</div></div>",radio,"General Activity","0, 0 | 1, 1 | 2, 2 | 3, 3 | 4, 4 | 5, 5 | 6, 6 | 7, 7 | 8, 8 | 9, 9 | 10, 10",,,,,,,,,A),m2,,
bpi_009b,bpi_v10,,radio,Mood,"0, 0 | 1, 1 | 2, 2 | 3, 3 | 4, 4 | 5, 5 | 6, 6 | 7, 7 | 8, 8 | 9, 9 | 10, 10",,,,,,,,,B),m2,,
bpi_009c,bpi_v10,,radio,"Walking Ability","0, 0 | 1, 1 | 2, 2 | 3, 3 | 4, 4 | 5, 5 | 6, 6 | 7, 7 | 8, 8 | 9, 9 | 10, 10",,,,,,,,,C),m2,,
bpi_009d,bpi_v10,,radio,"Normal work (Includes both work outside the home and housework)","0, 0 | 1, 1 | 2, 2 | 3, 3 | 4, 4 | 5, 5 | 6, 6 | 7, 7 | 8, 8 | 9, 9 | 10, 10",,,,,,,,,D),m2,,
bpi_009e,bpi_v10,,radio,"Relation with other people","0, 0 | 1, 1 | 2, 2 | 3, 3 | 4, 4 | 5, 5 | 6, 6 | 7, 7 | 8, 8 | 9, 9 | 10, 10",,,,,,,,,E),m2,,
bpi_009f,bpi_v10,,radio,Sleep,"0, 0 | 1, 1 | 2, 2 | 3, 3 | 4, 4 | 5, 5 | 6, 6 | 7, 7 | 8, 8 | 9, 9 | 10, 10",,,,,,,,,F),m2,,
bpi_009g,bpi_v10,,radio,"Enjoyment of life","0, 0 | 1, 1 | 2, 2 | 3, 3 | 4, 4 | 5, 5 | 6, 6 | 7, 7 | 8, 8 | 9, 9 | 10, 10",,,,,,,,,G),m2,,
bpi_ps_avg,bpi_v10,,calc,"Pain Severity-Average","mean([bpi_003],[bpi_004],[bpi_005],[bpi_006])",,,,,,,,LV,,,," @HIDDEN-SURVEY"
bpi_pi_avg,bpi_v10,,calc,"Pain Interference-Average","round(mean([bpi_009a],[bpi_009b],[bpi_009c],[bpi_009d],[bpi_009e],[bpi_009f],[bpi_009g]),2)",,,,,,,,LV,,,," @HIDDEN-SURVEY"
