"Variable / Field Name","Form Name","Section Header","Field Type","Field Label","Choices, Calculations, OR Slider Labels","Field Note","Text Validation Type OR Show Slider Number","Text Validation Min","Text Validation Max",Identifier?,"Branching Logic (Show field only if...)","Required Field?","Custom Alignment","Question Number (surveys only)","Matrix Group Name","Matrix Ranking?","Field Annotation"
rcads_cde_id,rcads_v20,,text,"CDE ID",,,,,,,,,,,,," @DEFAULT='rcads_v20' @HIDDEN"
rcads_camh_cde,rcads_v20,,descriptive,"This instrument was downloaded from the CAMH Common Data Elements Library. All fields have been institutionally standardized and should not be modified. Please direct any questions or concerns to <a href=""mailto:clinical.redcap@camh.ca"">clinical.redcap@camh.ca</a>

This field is @HIDDEN",,,,,,,,,,,,," @HIDDEN"
rcads_datetime,rcads_v20,,text,Date/time,,,datetime_dmy,,,,,,,,,," @NOW"
rcads_sex,rcads_v20,,dropdown,"Sex at birth","1, Male | 2, Female",,autocomplete,,,,,,,,,,
rcads_gender,rcads_v20,,dropdown,"Current gender identity","1, Male | 2, Female | 3, Trans-male | 4, Trans-female | 5, Non-binary | 6, Other",,autocomplete,,,,,,,,,,
rcads_gender_oth,rcads_v20,,text,"Specify other gender",,,,,,,"[rcads_gender] = '6'",y,,,,,
rcads_grade,rcads_v20,,dropdown,"Current Grade","3, 3 | 4, 4 | 5, 5 | 6, 6 | 7, 7 | 8, 8 | 9, 9 | 10, 10 | 11, 11 | 12, 12",,autocomplete,,,,,,,,,,
rcads_001,rcads_v20,"Please indicate how frequently you've had these experiences in the past 2 weeks:",radio,"I worry about things","0, Never | 1, Sometimes | 2, Often | 3, Always",,,,,,,,LV,,,,
rcads_002,rcads_v20,,radio,"I feel sad or empty","0, Never | 1, Sometimes | 2, Often | 3, Always",,,,,,,,LV,,,," @HIDDEN"
rcads_003,rcads_v20,,radio,"When I have a problem, I get a funny feeling in my stomach","0, Never | 1, Sometimes | 2, Often | 3, Always",,,,,,,,LV,,,,
rcads_004,rcads_v20,,radio,"I worry when I think I have done poorly at something","0, Never | 1, Sometimes | 2, Often | 3, Always",,,,,,,,LV,,,,
rcads_005,rcads_v20,,radio,"I would feel afraid of being on my own at home","0, Never | 1, Sometimes | 2, Often | 3, Always",,,,,,,,LV,,,,
rcads_006,rcads_v20,,radio,"Nothing is much fun anymore","0, Never | 1, Sometimes | 2, Often | 3, Always",,,,,,,,LV,,,," @HIDDEN"
rcads_007,rcads_v20,,radio,"I feel scared when I have to take a test","0, Never | 1, Sometimes | 2, Often | 3, Always",,,,,,,,LV,,,,
rcads_008,rcads_v20,,radio,"I feel worried when I think someone is angry with me","0, Never | 1, Sometimes | 2, Often | 3, Always",,,,,,,,LV,,,,
rcads_009,rcads_v20,,radio,"I worry about being away from my parent","0, Never | 1, Sometimes | 2, Often | 3, Always",,,,,,,,LV,,,,
rcads_010,rcads_v20,,radio,"I am bothered by bad or silly thoughts or pictures in my mind","0, Never | 1, Sometimes | 2, Often | 3, Always",,,,,,,,LV,,,," @HIDDEN"
rcads_011,rcads_v20,,radio,"I have trouble sleeping","0, Never | 1, Sometimes | 2, Often | 3, Always",,,,,,,,LV,,,," @HIDDEN"
rcads_012,rcads_v20,,radio,"I worry that I will do badly at my school work","0, Never | 1, Sometimes | 2, Often | 3, Always",,,,,,,,LV,,,,
rcads_013,rcads_v20,,radio,"I worry that something awful will happen to someone in my family","0, Never | 1, Sometimes | 2, Often | 3, Always",,,,,,,,LV,,,,
rcads_014,rcads_v20,,radio,"I suddenly feel as if I can't breathe when there is no reason for this","0, Never | 1, Sometimes | 2, Often | 3, Always",,,,,,,,LV,,,,
rcads_015,rcads_v20,,radio,"I have problems with my appetite","0, Never | 1, Sometimes | 2, Often | 3, Always",,,,,,,,LV,,,," @HIDDEN"
rcads_016,rcads_v20,,radio,"I have to keep checking that I have done things right (like the switch is off, or the door is locked)","0, Never | 1, Sometimes | 2, Often | 3, Always",,,,,,,,LV,,,," @HIDDEN"
rcads_017,rcads_v20,,radio,"I feel scared if I have to sleep on my own","0, Never | 1, Sometimes | 2, Often | 3, Always",,,,,,,,LV,,,,
rcads_018,rcads_v20,,radio,"I have trouble going to school in the mornings because I feel nervous or afraid","0, Never | 1, Sometimes | 2, Often | 3, Always",,,,,,,,LV,,,,
rcads_019,rcads_v20,,radio,"I have no energy for things","0, Never | 1, Sometimes | 2, Often | 3, Always",,,,,,,,LV,,,," @HIDDEN"
rcads_020,rcads_v20,,radio,"I worry I might look foolish","0, Never | 1, Sometimes | 2, Often | 3, Always",,,,,,,,LV,,,,
rcads_021,rcads_v20,,radio,"I am tired a lot","0, Never | 1, Sometimes | 2, Often | 3, Always",,,,,,,,LV,,,," @HIDDEN"
rcads_022,rcads_v20,,radio,"I worry that bad things will happen to me","0, Never | 1, Sometimes | 2, Often | 3, Always",,,,,,,,LV,,,,
rcads_023,rcads_v20,,radio,"I can't seem to get bad or silly thoughts out of my head","0, Never | 1, Sometimes | 2, Often | 3, Always",,,,,,,,LV,,,," @HIDDEN"
rcads_024,rcads_v20,,radio,"When I have a problem, my heart beats really fast","0, Never | 1, Sometimes | 2, Often | 3, Always",,,,,,,,LV,,,,
rcads_025,rcads_v20,,radio,"I cannot think clearly","0, Never | 1, Sometimes | 2, Often | 3, Always",,,,,,,,LV,,,," @HIDDEN"
rcads_026,rcads_v20,,radio,"I suddenly start to tremble or shake when there is no reason for this","0, Never | 1, Sometimes | 2, Often | 3, Always",,,,,,,,LV,,,,
rcads_027,rcads_v20,,radio,"I worry that something bad will happen to me","0, Never | 1, Sometimes | 2, Often | 3, Always",,,,,,,,LV,,,,
rcads_028,rcads_v20,,radio,"When I have a problem, I feel shaky","0, Never | 1, Sometimes | 2, Often | 3, Always",,,,,,,,LV,,,,
rcads_029,rcads_v20,,radio,"I feel worthless","0, Never | 1, Sometimes | 2, Often | 3, Always",,,,,,,,LV,,,," @HIDDEN"
rcads_030,rcads_v20,,radio,"I worry about making mistakes","0, Never | 1, Sometimes | 2, Often | 3, Always",,,,,,,,LV,,,,
rcads_031,rcads_v20,,radio,"I have to think of special thoughts (like numbers or words) to stop bad things from happening","0, Never | 1, Sometimes | 2, Often | 3, Always",,,,,,,,LV,,,," @HIDDEN"
rcads_032,rcads_v20,,radio,"I worry what other people think of me","0, Never | 1, Sometimes | 2, Often | 3, Always",,,,,,,,LV,,,,
rcads_033,rcads_v20,,radio,"I am afraid of being in crowded places (like shopping centers, the movies, buses, busy playgrounds)","0, Never | 1, Sometimes | 2, Often | 3, Always",,,,,,,,LV,,,,
rcads_034,rcads_v20,,radio,"All of a sudden I feel really scared for no reason at all","0, Never | 1, Sometimes | 2, Often | 3, Always",,,,,,,,LV,,,,
rcads_035,rcads_v20,,radio,"I worry about what is going to happen","0, Never | 1, Sometimes | 2, Often | 3, Always",,,,,,,,LV,,,,
rcads_036,rcads_v20,,radio,"I suddenly become dizzy or faint when there is no reason for this","0, Never | 1, Sometimes | 2, Often | 3, Always",,,,,,,,LV,,,,
rcads_037,rcads_v20,,radio,"I think about death","0, Never | 1, Sometimes | 2, Often | 3, Always",,,,,,,,LV,,,,
rcads_038,rcads_v20,,radio,"I feel afraid if I have to talk in front of my class","0, Never | 1, Sometimes | 2, Often | 3, Always",,,,,,,,LV,,,,
rcads_039,rcads_v20,,radio,"My heart suddenly starts to beat too quickly for no reason","0, Never | 1, Sometimes | 2, Often | 3, Always",,,,,,,,LV,,,,
rcads_040,rcads_v20,,radio,"I feel like I don't want to move","0, Never | 1, Sometimes | 2, Often | 3, Always",,,,,,,,LV,,,," @HIDDEN"
rcads_041,rcads_v20,,radio,"I worry that I will suddenly get a scared feeling when there is nothing to be afraid of","0, Never | 1, Sometimes | 2, Often | 3, Always",,,,,,,,LV,,,,
rcads_042,rcads_v20,,radio,"I have to do some things over and over again (like washing my hands, cleaning or putting things in a certain order)","0, Never | 1, Sometimes | 2, Often | 3, Always",,,,,,,,LV,,,," @HIDDEN"
rcads_043,rcads_v20,,radio,"I feel afraid that I will make a fool of myself in front of people","0, Never | 1, Sometimes | 2, Often | 3, Always",,,,,,,,LV,,,,
rcads_044,rcads_v20,,radio,"I have to do some things in just the right way to stop bad things from happening","0, Never | 1, Sometimes | 2, Often | 3, Always",,,,,,,,LV,,,," @HIDDEN"
rcads_045,rcads_v20,,radio,"I worry when I go to bed at night","0, Never | 1, Sometimes | 2, Often | 3, Always",,,,,,,,LV,,,,
rcads_046,rcads_v20,,radio,"I would feel scared if I had to stay away from home overnight","0, Never | 1, Sometimes | 2, Often | 3, Always",,,,,,,,LV,,,,
rcads_047,rcads_v20,,radio,"I feel restless","0, Never | 1, Sometimes | 2, Often | 3, Always",,,,,,,,LV,,,," @HIDDEN"
rcads_score_intro,rcads_v20,Scoring,descriptive,"<div class=""yellow""><strong>Note:</strong>
A t-score of 65 means that the score is roughly in the top 7% of scores of un-referred young people of the same age (described as borderline clinical by the developer) and a score of 70 means that the score is roughly in the top 2% of scores of un-referred young people of the same age (described as the clinical threshold by the developer).</div>",,,,,,,,,,,,," @HIDDEN-SURVEY"
rcads_sp_counter,rcads_v20,,calc,"<div class=""rich-text-field-label""><p>Social Phobia counter<br /><span style=""color: #ff0000;"">intermediate calculation</span></p></div>","if([rcads_004]='',1,0) + if([rcads_007]='',1,0) + if([rcads_008]='',1,0) + if([rcads_012]='',1,0) + if([rcads_020]='',1,0) + if([rcads_030]='',1,0) + if([rcads_032]='',1,0) + if([rcads_038]='',1,0) + if([rcads_043]='',1,0)",,,,,,,,,,,," @HIDDEN"
rcads_sp_sum,rcads_v20,,calc,"<div class=""rich-text-field-label""><p>Social Phobia summed score<br /><span style=""color: #ff0000;"">intermediate calculation</span></p></div>","sum([rcads_004], [rcads_007], [rcads_008], [rcads_012], [rcads_020], [rcads_030], [rcads_032], [rcads_038], [rcads_043])",,,,,,,,,,,," @HIDDEN"
rcads_sp_impute,rcads_v20,,calc,"<div class=""rich-text-field-label""><p>Social Phobia impute<br /><span style=""color: #ff0000;"">intermediate calculation</span></p></div>",round([rcads_sp_sum]/(9-[rcads_sp_counter])*9),,,,,,,,,,,," @HIDDEN"
rcads_sp_raw,rcads_v20,,calc,"Social Phobia raw score
(will be hidden on survey)","if([rcads_sp_counter]=0,[rcads_004] + [rcads_007] + [rcads_008] + [rcads_012] + [rcads_020] + [rcads_030] + [rcads_032] + [rcads_038] + [rcads_043], if([rcads_sp_counter]<= 2, [rcads_sp_impute], """"))",,,,,,,,,,,," @HIDDEN-SURVEY"
rcads_sp_tscore,rcads_v20,,calc,"Social Phobia t score
(will be hidden on survey)","round( if([rcads_sex]=1 AND [rcads_grade]=3, ([rcads_sp_raw]-9.77)/4.51 *10 + 50, if([rcads_sex]=1 AND [rcads_grade]=4, ([rcads_sp_raw]-9.77)/4.51 *10 + 50, if([rcads_sex]=1 AND [rcads_grade]=5, ([rcads_sp_raw]-10.3)/4.75 *10 + 50, if([rcads_sex]=1 AND [rcads_grade]=6, ([rcads_sp_raw]-10.3)/4.75 *10 + 50, if([rcads_sex]=1 AND [rcads_grade]=7, ([rcads_sp_raw]-11.05)/4.74 *10 + 50, if([rcads_sex]=1 AND [rcads_grade]=8, ([rcads_sp_raw]-11.05)/4.74 *10 + 50, if([rcads_sex]=1 AND [rcads_grade]=9, ([rcads_sp_raw]-11.68)/4.74 *10 + 50, if([rcads_sex]=1 AND [rcads_grade]=10, ([rcads_sp_raw]-11.68)/4.74 *10 + 50, if([rcads_sex]=1 AND [rcads_grade]=11, ([rcads_sp_raw]-10.67)/4.49 *10 + 50, if([rcads_sex]=1 AND [rcads_grade]=12, ([rcads_sp_raw]-10.67)/4.49 *10 + 50, if([rcads_sex]=2 AND [rcads_grade]=3, ([rcads_sp_raw]-11.61)/4.98 *10 + 50, if([rcads_sex]=2 AND [rcads_grade]=4, ([rcads_sp_raw]-11.61)/4.98 *10 + 50, if([rcads_sex]=2 AND [rcads_grade]=5, ([rcads_sp_raw]-12.92)/5.21 *10 + 50, if([rcads_sex]=2 AND [rcads_grade]=6, ([rcads_sp_raw]-12.92)/5.21 *10 + 50, if([rcads_sex]=2 AND [rcads_grade]=7, ([rcads_sp_raw]-13.01)/4.94 *10 + 50, if([rcads_sex]=2 AND [rcads_grade]=8, ([rcads_sp_raw]-13.01)/4.94 *10 + 50, if([rcads_sex]=2 AND [rcads_grade]=9, ([rcads_sp_raw]-12.27)/5 *10 + 50, if([rcads_sex]=2 AND [rcads_grade]=10, ([rcads_sp_raw]-12.27)/5 *10 + 50, if([rcads_sex]=2 AND [rcads_grade]=11, ([rcads_sp_raw]-12.85)/4.98 *10 + 50, if([rcads_sex]=2 AND [rcads_grade]=12, ([rcads_sp_raw]-12.85)/4.98 *10 + 50, """")))))))))))))))))))),0)",,,,,,,,,,,," @HIDDEN-SURVEY"
rcads_pd_counter,rcads_v20,,calc,"<div class=""rich-text-field-label""><p>Panic Disorder counter<br /><span style=""color: #ff0000;"">intermediate calculation</span></p></div>","if([rcads_003]='',1,0) + if([rcads_014]='',1,0) + if([rcads_024]='',1,0) + if([rcads_026]='',1,0) + if([rcads_028]='',1,0) + if([rcads_034]='',1,0) + if([rcads_036]='',1,0) + if([rcads_039]='',1,0) + if([rcads_041]='',1,0)",,,,,,,,,,,," @HIDDEN"
rcads_pd_sum,rcads_v20,,calc,"<div class=""rich-text-field-label""><p>Panic Disorder summed score<br /><span style=""color: #ff0000;"">intermediate calculation</span></p></div>","sum([rcads_003], [rcads_014], [rcads_024], [rcads_026], [rcads_028], [rcads_034], [rcads_036], [rcads_039], [rcads_041])",,,,,,,,,,,," @HIDDEN"
rcads_pd_impute,rcads_v20,,calc,"<div class=""rich-text-field-label""><p>Panic Disorder impute<br /><span style=""color: #ff0000;"">intermediate calculation</span></p></div>",round([rcads_pd_sum]/(9-[rcads_pd_counter])*9),,,,,,,,,,,," @HIDDEN"
rcads_pd_raw,rcads_v20,,calc,"Panic Disorder raw score
(will be hidden on survey)","if([rcads_pd_counter]=0,[rcads_003] + [rcads_014] + [rcads_024] + [rcads_026] + [rcads_028] + [rcads_034] + [rcads_036] + [rcads_039] + [rcads_041], if([rcads_pd_counter]<=2,[rcads_pd_impute],""""))",,,,,,,,,,,," @HIDDEN-SURVEY"
rcads_pd_tscore,rcads_v20,,calc,"Panic Disorder t score
(will be hidden on survey)","round( if([rcads_sex]=1 AND [rcads_grade]=3, ([rcads_pd_raw]-5.25)/4.15 *10 + 50, if([rcads_sex]=1 AND [rcads_grade]=4, ([rcads_pd_raw]-5.25)/4.15 *10 + 50, if([rcads_sex]=1 AND [rcads_grade]=5, ([rcads_pd_raw]-4.06)/3.6 *10 + 50, if([rcads_sex]=1 AND [rcads_grade]=6, ([rcads_pd_raw]-4.06)/3.6 *10 + 50, if([rcads_sex]=1 AND [rcads_grade]=7, ([rcads_pd_raw]-3.62)/3.36 *10 + 50, if([rcads_sex]=1 AND [rcads_grade]=8, ([rcads_pd_raw]-3.62)/3.36 *10 + 50, if([rcads_sex]=1 AND [rcads_grade]=9, ([rcads_pd_raw]-3.76)/3.21 *10 + 50, if([rcads_sex]=1 AND [rcads_grade]=10, ([rcads_pd_raw]-3.76)/3.21 *10 + 50, if([rcads_sex]=1 AND [rcads_grade]=11, ([rcads_pd_raw]-3.79)/2.71 *10 + 50, if([rcads_sex]=1 AND [rcads_grade]=12, ([rcads_pd_raw]-3.79)/2.71 *10 + 50, if([rcads_sex]=2 AND [rcads_grade]=3, ([rcads_pd_raw]-6.51)/4.73 *10 + 50, if([rcads_sex]=2 AND [rcads_grade]=4, ([rcads_pd_raw]-6.51)/4.73 *10 + 50, if([rcads_sex]=2 AND [rcads_grade]=5, ([rcads_pd_raw]-5.25)/4.3 *10 + 50, if([rcads_sex]=2 AND [rcads_grade]=6, ([rcads_pd_raw]-5.25)/4.3 *10 + 50, if([rcads_sex]=2 AND [rcads_grade]=7, ([rcads_pd_raw]-5.03)/3.92 *10 + 50, if([rcads_sex]=2 AND [rcads_grade]=8, ([rcads_pd_raw]-5.03)/3.92 *10 + 50, if([rcads_sex]=2 AND [rcads_grade]=9, ([rcads_pd_raw]-4.18)/3.07 *10 + 50, if([rcads_sex]=2 AND [rcads_grade]=10, ([rcads_pd_raw]-4.18)/3.07 *10 + 50, if([rcads_sex]=2 AND [rcads_grade]=11, ([rcads_pd_raw]-5.26)/4.28 *10 + 50, if([rcads_sex]=2 AND [rcads_grade]=12, ([rcads_pd_raw]-5.26)/4.28 *10 + 50, """")))))))))))))))))))),0)",,,,,,,,,,,," @HIDDEN-SURVEY"
rcads_md_counter,rcads_v20,,calc,"<div class=""rich-text-field-label""><p>Major Depression counter<br /><span style=""color: #ff0000;"">intermediate calculation</span></p></div>","if([rcads_002]='',1,0) + if([rcads_006]='',1,0) + if([rcads_011]='',1,0) + if([rcads_015]='',1,0) + if([rcads_019]='',1,0) + if([rcads_021]='',1,0) + if([rcads_025]='',1,0) + if([rcads_029]='',1,0) + if([rcads_040]='',1,0) + if([rcads_047]='',1,0)",,,,,,,,,,,," @HIDDEN"
rcads_md_sum,rcads_v20,,calc,"<div class=""rich-text-field-label""><p>Major Depression summed score<br /><span style=""color: #ff0000;"">intermediate calculation</span></p></div>","sum([rcads_002], [rcads_006], [rcads_011], [rcads_015], [rcads_019], [rcads_021], [rcads_025], [rcads_029], [rcads_040], [rcads_047])",,,,,,,,,,,," @HIDDEN"
rcads_md_impute,rcads_v20,,calc,"<div class=""rich-text-field-label""><p>Major Depression impute<br /><span style=""color: #ff0000;"">intermediate calculation</span></p></div>",round([rcads_md_sum]/(10-[rcads_md_counter])*10),,,,,,,,,,,," @HIDDEN"
rcads_md_raw,rcads_v20,,calc,"Major Depression raw score
(will be hidden on survey)","if([rcads_md_counter]=0,[rcads_002] + [rcads_006] + [rcads_011] + [rcads_015] + [rcads_019] + [rcads_021] + [rcads_025] + [rcads_029] + [rcads_040] + [rcads_047], if([rcads_md_counter]<=2, [rcads_md_impute],""""))",,,,,,,,,,,," @HIDDEN-SURVEY"
rcads_md_tscore,rcads_v20,,calc,"Major Depression t score
(will be hidden on survey)","round( if([rcads_sex]=1 AND [rcads_grade]=3, ([rcads_md_raw]-8.25)/4.09 *10 + 50, if([rcads_sex]=1 AND [rcads_grade]=4, ([rcads_md_raw]-8.25)/4.09 *10 + 50, if([rcads_sex]=1 AND [rcads_grade]=5, ([rcads_md_raw]-7.07)/3.64 *10 + 50, if([rcads_sex]=1 AND [rcads_grade]=6, ([rcads_md_raw]-7.07)/3.64 *10 + 50, if([rcads_sex]=1 AND [rcads_grade]=7, ([rcads_md_raw]-6.71)/3.64 *10 + 50, if([rcads_sex]=1 AND [rcads_grade]=8, ([rcads_md_raw]-6.71)/3.64 *10 + 50, if([rcads_sex]=1 AND [rcads_grade]=9, ([rcads_md_raw]-7.44)/4.1 *10 + 50, if([rcads_sex]=1 AND [rcads_grade]=10, ([rcads_md_raw]-7.44)/4.1 *10 + 50, if([rcads_sex]=1 AND [rcads_grade]=11, ([rcads_md_raw]-7.32)/3.81 *10 + 50, if([rcads_sex]=1 AND [rcads_grade]=12, ([rcads_md_raw]-7.32)/3.81 *10 + 50,if([rcads_sex]=2 AND [rcads_grade]=3, ([rcads_md_raw]-8.74)/4.75 *10 + 50, if([rcads_sex]=2 AND [rcads_grade]=4, ([rcads_md_raw]-8.74)/4.75 *10 + 50, if([rcads_sex]=2 AND [rcads_grade]=5, ([rcads_md_raw]-7.64)/4.1 *10 + 50, if([rcads_sex]=2 AND [rcads_grade]=6, ([rcads_md_raw]-7.64)/4.1 *10 + 50, if([rcads_sex]=2 AND [rcads_grade]=7, ([rcads_md_raw]-7.89)/3.91 *10 + 50, if([rcads_sex]=2 AND [rcads_grade]=8, ([rcads_md_raw]-7.89)/3.91 *10 + 50, if([rcads_sex]=2 AND [rcads_grade]=9, ([rcads_md_raw]-7.65)/3.68 *10 + 50, if([rcads_sex]=2 AND [rcads_grade]=10, ([rcads_md_raw]-7.65)/3.68 *10 + 50, if([rcads_sex]=2 AND [rcads_grade]=11, ([rcads_md_raw]-9.36)/4.45 *10 + 50, if([rcads_sex]=2 AND [rcads_grade]=12, ([rcads_md_raw]-9.36)/4.45 *10 + 50, """")))))))))))))))))))),0)",,,,,,,,,,,," @HIDDEN-SURVEY"
rcads_sa_counter,rcads_v20,,calc,"<div class=""rich-text-field-label""><p>Separation Anxiety counter<br /><span style=""color: #ff0000;"">intermediate calculation</span></p></div>","if([rcads_005]='',1,0) + if([rcads_009]='',1,0) + if([rcads_017]='',1,0) + if([rcads_018]='',1,0) + if([rcads_033]='',1,0) + if([rcads_045]='',1,0) + if([rcads_046]='',1,0)",,,,,,,,,,,," @HIDDEN"
rcads_sa_sum,rcads_v20,,calc,"<div class=""rich-text-field-label""><p>Separation Anxiety summed score<br /><span style=""color: #ff0000;"">intermediate calculation</span></p></div>","sum([rcads_005], [rcads_009], [rcads_017], [rcads_018], [rcads_033], [rcads_045], [rcads_046])",,,,,,,,,,,," @HIDDEN"
rcads_sa_impute,rcads_v20,,calc,"<div class=""rich-text-field-label""><p>Separation Anxiety impute<br /><span style=""color: #ff0000;"">intermediate calculation</span></p></div>",round([rcads_sa_sum]/(7-[rcads_sa_counter])*7),,,,,,,,,,,," @HIDDEN"
rcads_sa_raw,rcads_v20,,calc,"Separation Anxiety raw score
(will be hidden on survey)","if([rcads_sa_counter]=0,[rcads_005] + [rcads_009] + [rcads_017] + [rcads_018] + [rcads_033] + [rcads_045] + [rcads_046], if([rcads_sa_counter]<=2, [rcads_sa_impute],""""))",,,,,,,,,,,," @HIDDEN-SURVEY"
rcads_sa_tscore,rcads_v20,,calc,"Separation Anxiety t score
(will be hidden on survey)","round( if([rcads_sex]=1 AND [rcads_grade]=3, ([rcads_sa_raw]-4.87)/3.93 *10 + 50, if([rcads_sex]=1 AND [rcads_grade]=4, ([rcads_sa_raw]-4.87)/3.93 *10 + 50, if([rcads_sex]=1 AND [rcads_grade]=5, ([rcads_sa_raw]-3.2)/3.05 *10 + 50, if([rcads_sex]=1 AND [rcads_grade]=6, ([rcads_sa_raw]-3.2)/3.05 *10 + 50, if([rcads_sex]=1 AND [rcads_grade]=7, ([rcads_sa_raw]-2.26)/2.47 *10 + 50, if([rcads_sex]=1 AND [rcads_grade]=8, ([rcads_sa_raw]-2.26)/2.47 *10 + 50, if([rcads_sex]=1 AND [rcads_grade]=9, ([rcads_sa_raw]-2.5)/2.46 *10 + 50, if([rcads_sex]=1 AND [rcads_grade]=10, ([rcads_sa_raw]-2.5)/2.46 *10 + 50, if([rcads_sex]=1 AND [rcads_grade]=11, ([rcads_sa_raw]-1.9)/2.03 *10 + 50, if([rcads_sex]=1 AND [rcads_grade]=12, ([rcads_sa_raw]-1.9)/2.03 *10 + 50, if([rcads_sex]=2 AND [rcads_grade]=3, ([rcads_sa_raw]-7.05)/4.31 *10 + 50, if([rcads_sex]=2 AND [rcads_grade]=4, ([rcads_sa_raw]-7.05)/4.31 *10 + 50, if([rcads_sex]=2 AND [rcads_grade]=5, ([rcads_sa_raw]-4.74)/3.78 *10 + 50, if([rcads_sex]=2 AND [rcads_grade]=6, ([rcads_sa_raw]-4.74)/3.78 *10 + 50, if([rcads_sex]=2 AND [rcads_grade]=7, ([rcads_sa_raw]-3)/2.72 *10 + 50, if([rcads_sex]=2 AND [rcads_grade]=8, ([rcads_sa_raw]-3)/2.72 *10 + 50, if([rcads_sex]=2 AND [rcads_grade]=9, ([rcads_sa_raw]-2.34)/2.23 *10 + 50, if([rcads_sex]=2 AND [rcads_grade]=10, ([rcads_sa_raw]-2.34)/2.23 *10 + 50, if([rcads_sex]=2 AND [rcads_grade]=11, ([rcads_sa_raw]-3.05)/2.57 *10 + 50, if([rcads_sex]=2 AND [rcads_grade]=12, ([rcads_sa_raw]-3.05)/2.57 *10 + 50, """")))))))))))))))))))),0)",,,,,,,,,,,," @HIDDEN-SURVEY"
rcads_ga_counter,rcads_v20,,calc,"<div class=""rich-text-field-label""><p>Generalized Anxiety counter<br /><span style=""color: #ff0000;"">intermediate calculation</span></p></div>","if([rcads_001]='',1,0) + if([rcads_013]='',1,0) + if([rcads_022]='',1,0) + if([rcads_027]='',1,0) + if([rcads_035]='',1,0) + if([rcads_037]='',1,0)",,,,,,,,,,,," @HIDDEN"
rcads_ga_sum,rcads_v20,,calc,"<div class=""rich-text-field-label""><p>Generalized Anxiety summed score<br /><span style=""color: #ff0000;"">intermediate calculation</span></p></div>","sum([rcads_001], [rcads_013], [rcads_022], [rcads_027], [rcads_035], [rcads_037])",,,,,,,,,,,," @HIDDEN"
rcads_ga_impute,rcads_v20,,calc,"<div class=""rich-text-field-label""><p>Generalized Anxiety impute<br /><span style=""color: #ff0000;"">intermediate calculation</span></p></div>",round([rcads_ga_sum]/(6-[rcads_ga_counter])*6),,,,,,,,,,,," @HIDDEN"
rcads_ga_raw,rcads_v20,,calc,"Generalized Anxiety raw score
(will be hidden on survey)","if([rcads_ga_counter]=0,[rcads_001] + [rcads_013] + [rcads_022] + [rcads_027] + [rcads_035] + [rcads_037], if([rcads_ga_counter]<=2, [rcads_ga_impute],""""))",,,,,,,,,,,," @HIDDEN-SURVEY"
rcads_ga_tscore,rcads_v20,,calc,"Generalized Anxiety t score
(will be hidden on survey)","round( if([rcads_sex]=1 AND [rcads_grade]=3, ([rcads_ga_raw]-6.98)/3.36 *10 + 50, if([rcads_sex]=1 AND [rcads_grade]=4, ([rcads_ga_raw]-6.98)/3.36 *10 + 50, if([rcads_sex]=1 AND [rcads_grade]=5, ([rcads_ga_raw]-6.44)/3.13 *10 + 50, if([rcads_sex]=1 AND [rcads_grade]=6, ([rcads_ga_raw]-6.44)/3.13 *10 + 50, if([rcads_sex]=1 AND [rcads_grade]=7, ([rcads_ga_raw]-6.2)/3.14 *10 + 50, if([rcads_sex]=1 AND [rcads_grade]=8, ([rcads_ga_raw]-6.2)/3.14 *10 + 50, if([rcads_sex]=1 AND [rcads_grade]=9, ([rcads_ga_raw]-7.07)/2.93 *10 + 50, if([rcads_sex]=1 AND [rcads_grade]=10, ([rcads_ga_raw]-7.07)/2.93 *10 + 50, if([rcads_sex]=1 AND [rcads_grade]=11, ([rcads_ga_raw]-6.76)/3.44 *10 + 50, if([rcads_sex]=1 AND [rcads_grade]=12, ([rcads_ga_raw]-6.76)/3.44 *10 + 50,if([rcads_sex]=2 AND [rcads_grade]=3, ([rcads_ga_raw]-7.77)/3.77 *10 + 50, if([rcads_sex]=2 AND [rcads_grade]=4, ([rcads_ga_raw]-7.77)/3.77 *10 + 50, if([rcads_sex]=2 AND [rcads_grade]=5, ([rcads_ga_raw]-8.01)/3.68 *10 + 50, if([rcads_sex]=2 AND [rcads_grade]=6, ([rcads_ga_raw]-8.01)/3.68 *10 + 50, if([rcads_sex]=2 AND [rcads_grade]=7, ([rcads_ga_raw]-7.42)/3.16 *10 + 50, if([rcads_sex]=2 AND [rcads_grade]=8, ([rcads_ga_raw]-7.42)/3.16 *10 + 50, if([rcads_sex]=2 AND [rcads_grade]=9, ([rcads_ga_raw]-7.28)/3.44 *10 + 50, if([rcads_sex]=2 AND [rcads_grade]=10, ([rcads_ga_raw]-7.28)/3.44 *10 + 50, if([rcads_sex]=2 AND [rcads_grade]=11, ([rcads_ga_raw]-8.49)/3.71 *10 + 50, if([rcads_sex]=2 AND [rcads_grade]=12, ([rcads_ga_raw]-8.49)/3.71 *10 + 50, """")))))))))))))))))))),0)",,,,,,,,,,,," @HIDDEN-SURVEY"
rcads_oc_counter,rcads_v20,,calc,"<p>Obsessive-Compulsive counter<br /><span style=""color: #ff0000;"">intermediate calculation</span></p>","if([rcads_010]='',1,0) + if([rcads_016]='',1,0) + if([rcads_023]='',1,0) + if([rcads_031]='',1,0) + if([rcads_042]='',1,0) + if([rcads_044]='',1,0)",,,,,,,,,,,," @HIDDEN"
rcads_oc_sum,rcads_v20,,calc,"<div class=""rich-text-field-label""><p>Obsessive-Compulsive summed score<br /><span style=""color: #ff0000;"">intermediate calculation</span></p></div>","sum([rcads_010], [rcads_016], [rcads_023], [rcads_031], [rcads_042], [rcads_044])",,,,,,,,,,,," @HIDDEN"
rcads_oc_impute,rcads_v20,,calc,"<div class=""rich-text-field-label""><p>Obsessive-Compulsive impute<br /><span style=""color: #ff0000;"">intermediate calculation</span></p></div>",round([rcads_oc_sum]/(6-[rcads_oc_counter])*6),,,,,,,,,,,," @HIDDEN"
rcads_oc_raw,rcads_v20,,calc,"Obsessive-Compulsive raw score
(will be hidden on survey)","if([rcads_oc_counter]=0,[rcads_010] + [rcads_016] + [rcads_023] + [rcads_031] + [rcads_042] + [rcads_044], if([rcads_oc_counter]<=2, [rcads_oc_impute], """"))",,,,,,,,,,,," @HIDDEN-SURVEY"
rcads_oc_tscore,rcads_v20,,calc,"Obsessive-Compulsive t score
(will be hidden on survey)","round( if([rcads_sex]=1 AND [rcads_grade]=3, ([rcads_oc_raw]-6.15)/3.2 *10 + 50, if([rcads_sex]=1 AND [rcads_grade]=4, ([rcads_oc_raw]-6.15)/3.2 *10 + 50, if([rcads_sex]=1 AND [rcads_grade]=5, ([rcads_oc_raw]-6.01)/3.26 *10 + 50, if([rcads_sex]=1 AND [rcads_grade]=6, ([rcads_oc_raw]-6.01)/3.26 *10 + 50, if([rcads_sex]=1 AND [rcads_grade]=7, ([rcads_oc_raw]-5.22)/3.4 *10 + 50, if([rcads_sex]=1 AND [rcads_grade]=8, ([rcads_oc_raw]-5.22)/3.4 *10 + 50, if([rcads_sex]=1 AND [rcads_grade]=9, ([rcads_oc_raw]-4.65)/2.89 *10 + 50, if([rcads_sex]=1 AND [rcads_grade]=10, ([rcads_oc_raw]-4.65)/2.89 *10 + 50, if([rcads_sex]=1 AND [rcads_grade]=11, ([rcads_oc_raw]-5.18)/3.12 *10 + 50, if([rcads_sex]=1 AND [rcads_grade]=12, ([rcads_oc_raw]-5.18)/3.12 *10 + 50, if([rcads_sex]=2 AND [rcads_grade]=3, ([rcads_oc_raw]-7.62)/3.68 *10 + 50, if([rcads_sex]=2 AND [rcads_grade]=4, ([rcads_oc_raw]-7.62)/3.68 *10 + 50, if([rcads_sex]=2 AND [rcads_grade]=5, ([rcads_oc_raw]-6.39)/3.46 *10 + 50, if([rcads_sex]=2 AND [rcads_grade]=6, ([rcads_oc_raw]-6.39)/3.46 *10 + 50, if([rcads_sex]=2 AND [rcads_grade]=7, ([rcads_oc_raw]-5.12)/3.34 *10 + 50, if([rcads_sex]=2 AND [rcads_grade]=8, ([rcads_oc_raw]-5.12)/3.34 *10 + 50, if([rcads_sex]=2 AND [rcads_grade]=9, ([rcads_oc_raw]-4.12)/2.79 *10 + 50, if([rcads_sex]=2 AND [rcads_grade]=10, ([rcads_oc_raw]-4.12)/2.79 *10 + 50, if([rcads_sex]=2 AND [rcads_grade]=11, ([rcads_oc_raw]-5.48)/3.82 *10 + 50, if([rcads_sex]=2 AND [rcads_grade]=12, ([rcads_oc_raw]-5.48)/3.82 *10 + 50, """")))))))))))))))))))),0)",,,,,,,,,,,," @HIDDEN-SURVEY"
rcads_anx_raw,rcads_v20,,calc,"Total Anxiety raw score
(will be hidden on survey)","[rcads_001] + [rcads_003] + [rcads_004] + [rcads_005] + [rcads_007] + [rcads_008] + [rcads_009] + [rcads_010] + [rcads_012] + [rcads_013] + [rcads_014] + [rcads_016] + [rcads_017] + [rcads_018] + [rcads_020] + [rcads_022] + [rcads_023] + [rcads_024] + [rcads_026] + [rcads_027] + [rcads_028] + [rcads_030] + [rcads_031] + [rcads_032] + [rcads_033] + [rcads_034] + [rcads_035] + [rcads_036] + [rcads_037] + [rcads_038] + [rcads_039] + [rcads_041] + [rcads_042] + [rcads_043] + [rcads_044] + [rcads_045] + [rcads_046]",,,,,,,,,,,," @HIDDEN-SURVEY"
rcads_anx_tscore,rcads_v20,,calc,"Total Anxiety t score
(will be hidden on survey)","if([rcads_sex]=1 AND [rcads_grade]=3, ([rcads_anx_raw]-32.8839665653495)/14.4646628191605 *10 + 50, if([rcads_sex]=1 AND [rcads_grade]=4, ([rcads_anx_raw]-32.8839665653495)/14.4646628191605 *10 + 50, if([rcads_sex]=1 AND [rcads_grade]=5, ([rcads_anx_raw]-29.8797685554669)/13.1190294517025 *10 + 50, if([rcads_sex]=1 AND [rcads_grade]=6, ([rcads_anx_raw]-29.8797685554669)/13.1190294517025 *10 + 50, if([rcads_sex]=1 AND [rcads_grade]=7, ([rcads_anx_raw]-28.6022925506836)/13.0991891704485 *10 + 50, if([rcads_sex]=1 AND [rcads_grade]=8, ([rcads_anx_raw]-28.6022925506836)/13.0991891704485 *10 + 50, if([rcads_sex]=1 AND [rcads_grade]=9, ([rcads_anx_raw]-29.7989278752437)/12.7701262586076 *10 + 50, if([rcads_sex]=1 AND [rcads_grade]=10, ([rcads_anx_raw]-29.7989278752437)/12.7701262586076 *10 + 50, if([rcads_sex]=1 AND [rcads_grade]=11, ([rcads_anx_raw]-28.2227777777778)/12.0107532924351 *10 + 50, if([rcads_sex]=1 AND [rcads_grade]=12, ([rcads_anx_raw]-28.2227777777778)/12.0107532924351 *10 + 50,  if([rcads_sex]=2 AND [rcads_grade]=3, ([rcads_anx_raw]-40.4311084142395)/17.3210097804623 *10 + 50, if([rcads_sex]=2 AND [rcads_grade]=4, ([rcads_anx_raw]-40.4311084142395)/17.3210097804623 *10 + 50, if([rcads_sex]=2 AND [rcads_grade]=5, ([rcads_anx_raw]-37.0977304964539)/16.1765896296103 *10 + 50, if([rcads_sex]=2 AND [rcads_grade]=6, ([rcads_anx_raw]-37.0977304964539)/16.1765896296103 *10 + 50, if([rcads_sex]=2 AND [rcads_grade]=7, ([rcads_anx_raw]-33.5294261294261)/13.942053371816 *10 + 50, if([rcads_sex]=2 AND [rcads_grade]=8, ([rcads_anx_raw]-33.5294261294261)/13.942053371816 *10 + 50, if([rcads_sex]=2 AND [rcads_grade]=9, ([rcads_anx_raw]-30.0294491525424)/12.7517883073651 *10 + 50, if([rcads_sex]=2 AND [rcads_grade]=10, ([rcads_anx_raw]-30.0294491525424)/12.7517883073651 *10 + 50, if([rcads_sex]=2 AND [rcads_grade]=11, ([rcads_anx_raw]-34.9792483660131)/14.8707100157363 *10 + 50, if([rcads_sex]=2 AND [rcads_grade]=12, ([rcads_anx_raw]-34.9792483660131)/14.8707100157363 *10 + 50, """"))))))))))))))))))))",,,,,,,,,,,," @HIDDEN-SURVEY"
rcads_total_raw,rcads_v20,,calc,"Total raw score
(will be hidden on survey)","[rcads_sp_raw] + [rcads_pd_raw] + [rcads_md_raw] + [rcads_sa_raw] + [rcads_ga_raw] + [rcads_oc_raw]",,,,,,,,,,,," @HIDDEN-SURVEY"
rcads_total_tscore,rcads_v20,,calc,"Total t score
(will be hidden on survey)","if([rcads_sex]=1 AND [rcads_grade]=3, ([rcads_total_raw]-41.0837301587302)/17.1255761942211 *10 + 50, if([rcads_sex]=1 AND [rcads_grade]=4, ([rcads_total_raw]-41.0837301587302)/17.1255761942211 *10 + 50, if([rcads_sex]=1 AND [rcads_grade]=5, ([rcads_total_raw]-36.9421521681298)/15.3161132222945 *10 + 50, if([rcads_sex]=1 AND [rcads_grade]=6, ([rcads_total_raw]-36.9421521681298)/15.3161132222945 *10 + 50, if([rcads_sex]=1 AND [rcads_grade]=7, ([rcads_total_raw]-35.3399163130598)/15.3176036171404 *10 + 50, if([rcads_sex]=1 AND [rcads_grade]=8, ([rcads_total_raw]-35.3399163130598)/15.3176036171404 *10 + 50, if([rcads_sex]=1 AND [rcads_grade]=9, ([rcads_total_raw]-37.2570175438596)/15.3190312025865 *10 + 50, if([rcads_sex]=1 AND [rcads_grade]=10, ([rcads_total_raw]-37.2570175438596)/15.3190312025865 *10 + 50, if([rcads_sex]=1 AND [rcads_grade]=11, ([rcads_total_raw]-35.5050823045268)/14.5327096248294 *10 + 50, if([rcads_sex]=1 AND [rcads_grade]=12, ([rcads_total_raw]-35.5050823045268)/14.5327096248294 *10 + 50, if([rcads_sex]=2 AND [rcads_grade]=3, ([rcads_total_raw]-49.0891450916936)/21.0549807693113 *10 + 50, if([rcads_sex]=2 AND [rcads_grade]=4, ([rcads_total_raw]-49.0891450916936)/21.0549807693113 *10 + 50, if([rcads_sex]=2 AND [rcads_grade]=5, ([rcads_total_raw]-44.6788179669031)/19.3211524129306 *10 + 50, if([rcads_sex]=2 AND [rcads_grade]=6, ([rcads_total_raw]-44.6788179669031)/19.3211524129306 *10 + 50, if([rcads_sex]=2 AND [rcads_grade]=7, ([rcads_total_raw]-41.4389702889703)/16.6373049285938 *10 + 50, if([rcads_sex]=2 AND [rcads_grade]=8, ([rcads_total_raw]-41.4389702889703)/16.6373049285938 *10 + 50, if([rcads_sex]=2 AND [rcads_grade]=9, ([rcads_total_raw]-37.6452683615819)/14.9784436720801 *10 + 50, if([rcads_sex]=2 AND [rcads_grade]=10, ([rcads_total_raw]-37.6452683615819)/14.9784436720801 *10 + 50, if([rcads_sex]=2 AND [rcads_grade]=11, ([rcads_total_raw]-44.2457697893972)/18.2877680544431 *10 + 50, if([rcads_sex]=2 AND [rcads_grade]=12, ([rcads_total_raw]-44.2457697893972)/18.2877680544431 *10 + 50, """"))))))))))))))))))))",,,,,,,,,,,," @HIDDEN-SURVEY"
