"Variable / Field Name","Form Name","Section Header","Field Type","Field Label","Choices, Calculations, OR Slider Labels","Field Note","Text Validation Type OR Show Slider Number","Text Validation Min","Text Validation Max",Identifier?,"Branching Logic (Show field only if...)","Required Field?","Custom Alignment","Question Number (surveys only)","Matrix Group Name","Matrix Ranking?","Field Annotation"
wd2_12i_cde_id,wd2_12i_v11,,text,CDE-ID,,,,,,,,,,,,," @HIDDEN @DEFAULT='wd2_12i_v11'"
wh2_12i_camh_cde,wd2_12i_v11,,descriptive,"This instrument was downloaded from the CAMH Common Data Elements Library. All fields have been institutionally standardized and should not be modified. Please direct any questions or concerns to <a href=""mailto:clinical.redcap@camh.ca"">clinical.redcap@camh.ca</a>

This field is @HIDDEN",,,,,,,,,,,,," @HIDDEN"
wd2_12i_intro,wd2_12i_v11,"This questionnaire asks about <u>difficulties due to health conditions.</u> Health conditions include diseases or illnesses, other health problems that may be short or long lasting, injuries, mental or emotional problems, and problems with alcohol or drugs.

Think back over the <u>past 30 days</u> and answer these questions, thinking about how much difficulty you had doing the following activities.",descriptive,"In the past 30 days, how much difficulty did you have in:",,,,,,,,,,,,,
wd2_12i_s1,wd2_12i_v11,,radio,"<u>Standing</u> for <u>long periods</u> such as <u>30 minutes</u>?","1, None | 2, Mild | 3, Moderate | 4, Severe | 5, Extreme or cannot do",,,,,,,y,LV,,,,
wd2_12i_s2,wd2_12i_v11,,radio,"Taking care of your <u>household responsibilities</u>?","1, None | 2, Mild | 3, Moderate | 4, Severe | 5, Extreme or cannot do",,,,,,,y,LV,,,,
wd2_12i_s3,wd2_12i_v11,,radio,"<u>Learning</u> a <u>new task</u>, for example, learning how to get to a new place?","1, None | 2, Mild | 3, Moderate | 4, Severe | 5, Extreme or cannot do",,,,,,,y,LV,,,,
wd2_12i_s4,wd2_12i_v11,,radio,"How much of a problem did you have in <u>joining in community activities</u> (for example, festivities, religious or other activities) in the same way as anyone else can?","1, None | 2, Mild | 3, Moderate | 4, Severe | 5, Extreme or cannot do",,,,,,,y,LV,,,,
wd2_12i_s5,wd2_12i_v11,,radio,"How much have <u>you</u> been <u>emotionally</u> <u>affected</u> by your health condition?","1, None | 2, Mild | 3, Moderate | 4, Severe | 5, Extreme or cannot do",,,,,,,y,LV,,,,
wd2_12i_s6,wd2_12i_v11,,radio,"<u>Concentrating</u> on doing something for <u>ten minutes</u>?","1, None | 2, Mild | 3, Moderate | 4, Severe | 5, Extreme or cannot do",,,,,,,y,LV,,,,
wd2_12i_s7,wd2_12i_v11,,radio,"<u>Walking a long distance</u> such as a <u>kilometre</u> (or equivalent)?","1, None | 2, Mild | 3, Moderate | 4, Severe | 5, Extreme or cannot do",,,,,,,y,LV,,,,
wd2_12i_s8,wd2_12i_v11,,radio,"<u>Washing</u> your <u>whole body</u>?","1, None | 2, Mild | 3, Moderate | 4, Severe | 5, Extreme or cannot do",,,,,,,y,LV,,,,
wd2_12i_s9,wd2_12i_v11,,radio,"Getting <u>dressed</u>?","1, None | 2, Mild | 3, Moderate | 4, Severe | 5, Extreme or cannot do",,,,,,,y,LV,,,,
wd2_12i_s10,wd2_12i_v11,,radio,"<u>Dealing</u> with people <u>you do not know</u>?","1, None | 2, Mild | 3, Moderate | 4, Severe | 5, Extreme or cannot do",,,,,,,y,LV,,,,
wd2_12i_s11,wd2_12i_v11,,radio,"<u>Maintaining a friendship</u>?","1, None | 2, Mild | 3, Moderate | 4, Severe | 5, Extreme or cannot do",,,,,,,y,LV,,,,
wd2_12i_s12,wd2_12i_v11,,radio,"Your day-to-day <u>work</u>?","1, None | 2, Mild | 3, Moderate | 4, Severe | 5, Extreme or cannot do",,,,,,,y,LV,,,,
wd2_12i_h1,wd2_12i_v11,,text,"Overall, in the past 30 days, <u>how many days</u> were these difficulties present?",,"<em>Record number of days</em>",integer,0,30,,,y,,,,,
wd2_12i_h2,wd2_12i_v11,,text,"In the past 30 days, for how many days were you <u>totally unable</u> to carry out your usual activities or work because of any health condition?",,"<em>Record number of days</em>",integer,0,30,,,y,,,,,
wd2_12i_h3,wd2_12i_v11,,text,"In the past 30 days, not counting the days that you were totally unable, for how many days did you <u>cut back</u> or <u>reduce</u> your usual activities or work because of any health condition?",,"<em>Record number of days</em>",integer,0,30,,,y,,,,,
wd2_12i_overall_score,wd2_12i_v11,,calc,"Simple Score (sum of items):
Score Range: 12-60","[wd2_12i_s1] + [wd2_12i_s2] + [wd2_12i_s3] + [wd2_12i_s4] + [wd2_12i_s5] + [wd2_12i_s6] + [wd2_12i_s7] + [wd2_12i_s8] + [wd2_12i_s9] + [wd2_12i_s10] + [wd2_12i_s11] + [wd2_12i_s12]",,,,,,,,,,,," @HIDDEN-SURVEY"
