"Variable / Field Name","Form Name","Section Header","Field Type","Field Label","Choices, Calculations, OR Slider Labels","Field Note","Text Validation Type OR Show Slider Number","Text Validation Min","Text Validation Max",Identifier?,"Branching Logic (Show field only if...)","Required Field?","Custom Alignment","Question Number (surveys only)","Matrix Group Name","Matrix Ranking?","Field Annotation"
rfq_cde_id,rfq_v10,,text,"CDE ID",,,,,,,,,,,,," @DEFAULT='rfq_v10' @HIDDEN"
rfq_camh_cde,rfq_v10,,descriptive,"<div style=""border:1px solid black; padding:5px"">This instrument was downloaded from the CAMH Common Data Elements Library. All fields have been institutionally standardized and should not be modified. Please direct any questions or concerns to <a href=""mailto:clinical.redcap@camh.ca"">clinical.redcap@camh.ca</a>

This field is @HIDDEN</div>",,,,,,,,,,,,," @HIDDEN"
rfq_datestamp,rfq_v10,,text,Date,,,date_ymd,,,,,,,,,," @HIDDEN-SURVEY"
rfq_intro,rfq_v10,,descriptive,"<p>People who want to stop smoking marijuana may have several reasons for quitting. I am interested in finding out your reasons for wanting to quit.</p>
<p>There are no right or wrong reasons. Any reason is a good one. Below is a list of reasons that a person may have. Please read each statement and circle the number that best describes how much this reason applies to you at this time.</p>",,,,,,,,,,,,,
rfq_01,rfq_v10,"I want to quit smoking marijuana at this time...",radio,"To show myself that I can quit if I want to","0, Not at all | 1, A Little Bit | 2, Moderately | 3, Quite a Bit | 4, Very Much",,,,,,,y,,,rfq_m1,,
rfq_02,rfq_v10,,radio,"Because I will like myself better if I quit","0, Not at all | 1, A Little Bit | 2, Moderately | 3, Quite a Bit | 4, Very Much",,,,,,,y,,,rfq_m1,,
rfq_03,rfq_v10,,radio,"Because I won't have to leave social functions or other people's houses to smoke","0, Not at all | 1, A Little Bit | 2, Moderately | 3, Quite a Bit | 4, Very Much",,,,,,,y,,,rfq_m1,,
rfq_04,rfq_v10,,radio,"So that I can feel in control of my life","0, Not at all | 1, A Little Bit | 2, Moderately | 3, Quite a Bit | 4, Very Much",,,,,,,y,,,rfq_m1,,
rfq_05,rfq_v10,,radio,"Because my family and friends will stop nagging me if I quit","0, Not at all | 1, A Little Bit | 2, Moderately | 3, Quite a Bit | 4, Very Much",,,,,,,y,,,rfq_m1,,
rfq_06,rfq_v10,,radio,"To get praise from people I'm close to","0, Not at all | 1, A Little Bit | 2, Moderately | 3, Quite a Bit | 4, Very Much",,,,,,,y,,,rfq_m1,,
rfq_07,rfq_v10,,radio,"Because smoking marijuana does not fit in with my self-image","0, Not at all | 1, A Little Bit | 2, Moderately | 3, Quite a Bit | 4, Very Much",,,,,,,y,,,rfq_m1,,
rfq_08,rfq_v10,,radio,"Because smoking marijuana is becoming less socially acceptable","0, Not at all | 1, A Little Bit | 2, Moderately | 3, Quite a Bit | 4, Very Much",,,,,,,y,,,rfq_m1,,
rfq_09,rfq_v10,,radio,"Because someone has told me to quit or else","0, Not at all | 1, A Little Bit | 2, Moderately | 3, Quite a Bit | 4, Very Much",,,,,,,y,,,rfq_m1,,
rfq_10,rfq_v10,,radio,"Because I will receive a special gift if I quit","0, Not at all | 1, A Little Bit | 2, Moderately | 3, Quite a Bit | 4, Very Much",,,,,,,y,,,rfq_m1,,
rfq_11,rfq_v10,,radio,"Because of potential health problems","0, Not at all | 1, A Little Bit | 2, Moderately | 3, Quite a Bit | 4, Very Much",,,,,,,y,,,rfq_m1,,
rfq_12,rfq_v10,,radio,"Because people I am close to will be upset if I don't quit","0, Not at all | 1, A Little Bit | 2, Moderately | 3, Quite a Bit | 4, Very Much",,,,,,,y,,,rfq_m1,,
rfq_13,rfq_v10,,radio,"So that I can get more things done","0, Not at all | 1, A Little Bit | 2, Moderately | 3, Quite a Bit | 4, Very Much",,,,,,,y,,,rfq_m1,,
rfq_14,rfq_v10,,radio,"Because I have noticed that smoking marijuana is hurting my health","0, Not at all | 1, A Little Bit | 2, Moderately | 3, Quite a Bit | 4, Very Much",,,,,,,y,,,rfq_m1,,
rfq_15,rfq_v10,,radio,"Because I want to save the money I spend on marijuana","0, Not at all | 1, A Little Bit | 2, Moderately | 3, Quite a Bit | 4, Very Much",,,,,,,y,,,rfq_m1,,
rfq_16,rfq_v10,,radio,"To prove that I'm not addicted to marijuana","0, Not at all | 1, A Little Bit | 2, Moderately | 3, Quite a Bit | 4, Very Much",,,,,,,y,,,rfq_m1,,
rfq_17,rfq_v10,,radio,"Because there is a drug-testing policy at work","0, Not at all | 1, A Little Bit | 2, Moderately | 3, Quite a Bit | 4, Very Much",,,,,,,y,,,rfq_m1,,
rfq_18,rfq_v10,,radio,"Because I know others with health problems caused by smoking marijuana","0, Not at all | 1, A Little Bit | 2, Moderately | 3, Quite a Bit | 4, Very Much",,,,,,,y,,,rfq_m1,,
rfq_19,rfq_v10,,radio,"Because I am concerned that smoking marijuana will shorten my life","0, Not at all | 1, A Little Bit | 2, Moderately | 3, Quite a Bit | 4, Very Much",,,,,,,y,,,rfq_m1,,
rfq_20,rfq_v10,,radio,"Because of legal problems related to marijuana","0, Not at all | 1, A Little Bit | 2, Moderately | 3, Quite a Bit | 4, Very Much",,,,,,,y,,,rfq_m1,,
rfq_21,rfq_v10,,radio,"Because I don't want to be a bad example for children","0, Not at all | 1, A Little Bit | 2, Moderately | 3, Quite a Bit | 4, Very Much",,,,,,,y,,,rfq_m1,,
rfq_22,rfq_v10,,radio,"Because I want to have more energy","0, Not at all | 1, A Little Bit | 2, Moderately | 3, Quite a Bit | 4, Very Much",,,,,,,y,,,rfq_m1,,
rfq_23,rfq_v10,,radio,"So that my hair and clothes won't smell like marijuana","0, Not at all | 1, A Little Bit | 2, Moderately | 3, Quite a Bit | 4, Very Much",,,,,,,y,,,rfq_m1,,
rfq_24,rfq_v10,,radio,"So that I won't burn holes in clothes or furniture","0, Not at all | 1, A Little Bit | 2, Moderately | 3, Quite a Bit | 4, Very Much",,,,,,,y,,,rfq_m1,,
rfq_25,rfq_v10,,radio,"Because my memory will improve","0, Not at all | 1, A Little Bit | 2, Moderately | 3, Quite a Bit | 4, Very Much",,,,,,,y,,,rfq_m1,,
rfq_26,rfq_v10,,radio,"So that I will be able to think more clearly","0, Not at all | 1, A Little Bit | 2, Moderately | 3, Quite a Bit | 4, Very Much",,,,,,,y,,,rfq_m1,,
rfq_reasons,rfq_v10,"Use the spaces below to list the three most important reasons for wanting to stop smoking marijuana. If any of the statements above are among your most important reasons, list them in the spaces below. Otherwise, write your own reasons.",descriptive,"My three most important reasons, in order of importance, for wanting to quit smoking marijuana are:",,,,,,,,,,,,,
rfq_27a,rfq_v10,,text,1,,,,,,,,,LV,,,,
rfq_27b,rfq_v10,,text,2,,,,,,,,,LV,,,,
rfq_27c,rfq_v10,,text,3,,,,,,,,,LV,,,,
rfq_2829_sel,rfq_v10," ",radio,"Please select the option that applies to you","1, I have not yet quit smoking marijuana | 2, I have stopped smoking marijuana already",,,,,,,y,LV,,,,
rfq_28,rfq_v10,,slider,"If you have not yet quit smoking marijuana, drag the slider to indicate how ready you are RIGHT NOW to stop smoking marijuana.","0%<br />Ready to quit |  | 100%<br />Ready to quit","click/tap to activate",number,,,,"[rfq_2829_sel] = '1'",y,LH,,,,
rfq_29,rfq_v10,,slider,"If you have stopped smoking marijuana already, drag the slider to indicate how ready you are RIGHT NOW to remain abstinent.","0%<br />Ready to remain abstinent |  | 100%<br />Ready to remain abstinent","click/tap to activate",number,,,,"[rfq_2829_sel] = '2'",y,LH,,,,
rfq_total_score,rfq_v10," ",calc,"Total Score","if([rfq_01]>1, 1, 0) + 
if([rfq_02]>1, 1, 0) + 
if([rfq_03]>1, 1, 0) + 
if([rfq_04]>1, 1, 0) + 
if([rfq_05]>1, 1, 0) + 
if([rfq_06]>1, 1, 0) + 
if([rfq_07]>1, 1, 0) + 
if([rfq_08]>1, 1, 0) + 
if([rfq_09]>1, 1, 0) + 
if([rfq_10]>1, 1, 0) + 
if([rfq_11]>1, 1, 0) + 
if([rfq_12]>1, 1, 0) + 
if([rfq_13]>1, 1, 0) + 
if([rfq_14]>1, 1, 0) + 
if([rfq_15]>1, 1, 0) + 
if([rfq_16]>1, 1, 0) + 
if([rfq_17]>1, 1, 0) + 
if([rfq_18]>1, 1, 0) + 
if([rfq_19]>1, 1, 0) + 
if([rfq_20]>1, 1, 0) + 
if([rfq_21]>1, 1, 0) + 
if([rfq_22]>1, 1, 0) + 
if([rfq_23]>1, 1, 0) + 
if([rfq_24]>1, 1, 0) + 
if([rfq_25]>1, 1, 0) + 
if([rfq_26]>1, 1, 0)",,,,,,,,,,,," @HIDDEN-SURVEY"
