"Variable / Field Name","Form Name","Section Header","Field Type","Field Label","Choices, Calculations, OR Slider Labels","Field Note","Text Validation Type OR Show Slider Number","Text Validation Min","Text Validation Max",Identifier?,"Branching Logic (Show field only if...)","Required Field?","Custom Alignment","Question Number (surveys only)","Matrix Group Name","Matrix Ranking?","Field Annotation"
asr_cde_id,asrm_v10,,text,"CDE ID",,,,,,,,,,,,," @DEFAULT='asrm_v10' @HIDDEN"
asrm_camh_cde,asrm_v10,,descriptive,"This instrument was downloaded from the CAMH Common Data Elements Library. All fields have been institutionally standardized and should not be modified. Please direct any questions or concerns to <a href=""mailto:clinical.redcap@camh.ca"">clinical.redcap@camh.ca</a>

This field is @HIDDEN",,,,,,,,,,,,," @HIDDEN"
asrm_01,asrm_v10,"<div class=""rich-text-field-label""><p><span style=""font-weight: normal;"">There are 5 groups of statements in this questionnaire, read each group of statements carefully. You should choose the statement in each group that <strong>best</strong> describes the way you have been <strong>feeling for the past week.</strong></span><br /><br /><span style=""font-weight: normal;""><em>Please note:</em> The word ""occasionally"" when used here means once or twice; ""often"" means several times or more and ""frequently"" means most of the time.</span></p></div>",radio,"1. Positive Mood","0, I do not feel happier or more cheerful than usual. | 1, I occasionally feel happier or more cheerful than usual. | 2, I often feel happier or more cheerful than usual. | 3, I feel happier or more cheerful than usual most of the time. | 4, I feel happier or more cheerful than usual all of the time.",,,,,,,y,LV,,,,
asrm_02,asrm_v10,,radio,"2. Self-Confidence","0, I do not feel more self-confident than usual. | 1, I occasionally feel more self-confident than usual. | 2, I often feel more self-confident than usual. | 3, I feel more self-confident than usual. | 4, I feel extremely self-confident all of the time.",,,,,,,y,LV,,,,
asrm_03,asrm_v10,,radio,"3. Sleep Patterns","0, I do not need less sleep than usual. | 1, I occasionally need less sleep than usual. | 2, I often need less sleep than usual. | 3, I frequently need less sleep than usual. | 4, I can go all day and night without any sleep and still not feel tired.",,,,,,,y,LV,,,,
asrm_04,asrm_v10,,radio,"4. Speech","0, I do not talk more than usual. | 1, I occasionally talk more than usual. | 2, I often talk more than usual. | 3, I frequently talk more than usual. | 4, I talk constantly and cannot be interrupted.",,,,,,,y,LV,,,,
asrm_05,asrm_v10,,radio,"5. Activity Level","0, I have not been more active (either socially, sexually, at work, home or school) than usual. | 1, I have occasionally been more active than usual. | 2, I have often been more active than usual. | 3, I have frequently been more active than usual. | 4, I am constantly active or on the go all the time.",,,,,,,y,LV,,,,
asrm_total_score,asrm_v10,,calc,"ASRM Total Score","[asrm_01] + 
[asrm_02] + 
[asrm_03] + 
[asrm_04] + 
[asrm_05]",,,,,,,,LV,,,," @HIDDEN-SURVEY"
dfds,asrm_v10,,radio,d,"1, 1 | 2, 2 | 3, 3 | 4, 4 | 5, 5 | 6, 6 | 7, 7",,,,,,,,,,,,
