"Variable / Field Name","Form Name","Section Header","Field Type","Field Label","Choices, Calculations, OR Slider Labels","Field Note","Text Validation Type OR Show Slider Number","Text Validation Min","Text Validation Max",Identifier?,"Branching Logic (Show field only if...)","Required Field?","Custom Alignment","Question Number (surveys only)","Matrix Group Name","Matrix Ranking?","Field Annotation"
lam_cde_id,lam_v10,,text,"CDE ID",,,,,,,,,,,,," @DEFAULT='lam_v10' @HIDDEN"
lam_camh_cde,lam_v10,,descriptive,"<div style=""border:1px solid black; padding:5px"">This instrument was downloaded from the CAMH Common Data Elements Library. All fields have been institutionally standardized and should not be modified. Please direct any questions or concerns to <a href=""mailto:clinical.redcap@camh.ca"">clinical.redcap@camh.ca</a>

This field is @HIDDEN</div>",,,,,,,,,,,,," @HIDDEN"
lam_datestamp,lam_v10,,text,"Date stamp",,,datetime_ymd,,,,,,,,,," @HIDDEN-SURVEY @NOW"
lam_intro,lam_v10,,descriptive,"This questionnaire is to help us better understand your needs. Please indicate the level of agreement you have with each statement. In each case, make your choice in terms of how you feel right now, not how you have felt in the past or would like to feel. ",,,,,,,,,,,,,
lam_001,lam_v10,,radio,"I think I <em>might</em> be ready to return to work.","1, Strongly<br/>Disagree | 2, Disagree | 3, Undecided | 4, Agree | 5, Strongly<br/>Agree",,,,,,,y,,1,lam_m1,,
lam_002,lam_v10,,radio,"I am <em>doing</em> something to get ready to return to work.","1, Strongly<br/>Disagree | 2, Disagree | 3, Undecided | 4, Agree | 5, Strongly<br/>Agree",,,,,,,y,,2,lam_m1,,
lam_003,lam_v10,,radio,"It <em>might be</em> worthwhile to work on returning to work.","1, Strongly<br/>Disagree | 2, Disagree | 3, Undecided | 4, Agree | 5, Strongly<br/>Agree",,,,,,,y,,3,lam_m1,,
lam_004,lam_v10,,radio,"I am <em>not able</em> to work. I do not see why I have to be here.","1, Strongly<br/>Disagree | 2, Disagree | 3, Undecided | 4, Agree | 5, Strongly<br/>Agree",,,,,,,y,,4,lam_m1,,
lam_005,lam_v10,,radio,"I am finally <em>doing something</em> about returning to work.","1, Strongly<br/>Disagree | 2, Disagree | 3, Undecided | 4, Agree | 5, Strongly<br/>Agree",,,,,,,y,,5,lam_m1,,
lam_006,lam_v10,,radio,"I have <em>been thinking</em> that it might be time for me to return to work.","1, Strongly<br/>Disagree | 2, Disagree | 3, Undecided | 4, Agree | 5, Strongly<br/>Agree",,,,,,,y,,6,lam_m1,,
lam_007,lam_v10,,radio,"Getting myself ready to return to work is pretty much a waste of time because I can?t work anyway.","1, Strongly<br/>Disagree | 2, Disagree | 3, Undecided | 4, Agree | 5, Strongly<br/>Agree",,,,,,,y,,7,lam_m1,,
lam_008,lam_v10,,radio,"I guess being out of work is not good, but there is <em>nothing I can do</em> about it right now.","1, Strongly<br/>Disagree | 2, Disagree | 3, Undecided | 4, Agree | 5, Strongly<br/>Agree",,,,,,,y,,8,lam_m1,,
lam_009,lam_v10,,radio,"I know I need to return to work and really <em>think I should</em> work on doing it.","1, Strongly<br/>Disagree | 2, Disagree | 3, Undecided | 4, Agree | 5, Strongly<br/>Agree",,,,,,,y,,9,lam_m1,,
lam_010,lam_v10,,radio,"People tell me that I should return to work, but I don't think so.","1, Strongly<br/>Disagree | 2, Disagree | 3, Undecided | 4, Agree | 5, Strongly<br/>Agree",,,,,,,y,,10,lam_m1,,
lam_011,lam_v10,,radio,"Anyone can talk about wanting to return to work, but I <em>am actually doing</em> something about it.","1, Strongly<br/>Disagree | 2, Disagree | 3, Undecided | 4, Agree | 5, Strongly<br/>Agree",,,,,,,y,,11,lam_m1,,
lam_012,lam_v10,,radio,"All this talk about work is boring. Why can't people just leave me alone?","1, Strongly<br/>Disagree | 2, Disagree | 3, Undecided | 4, Agree | 5, Strongly<br/>Agree",,,,,,,y,,12,lam_m1,,
lam_013,lam_v10,,radio,"I am <em>actively doing</em> something to return to work.","1, Strongly<br/>Disagree | 2, Disagree | 3, Undecided | 4, Agree | 5, Strongly<br/>Agree",,,,,,,y,,13,lam_m1,,
lam_014,lam_v10,,radio,"It's pretty much a waste of time getting ready to return to work because I really don't want to work.","1, Strongly<br/>Disagree | 2, Disagree | 3, Undecided | 4, Agree | 5, Strongly<br/>Agree",,,,,,,y,,14,lam_m1,,
lam_ref,lam_v10,,descriptive,"<p style=""font-size: xx-small; font-weight: lighter;"">Adapted from: C.S. Lam et al. (2010). Assessing readiness to work from a stages of change perspective: Implications for return to work. WORK (37): 321-329.</p>",,,,,,,,,,,,,
