"Variable / Field Name","Form Name","Section Header","Field Type","Field Label","Choices, Calculations, OR Slider Labels","Field Note","Text Validation Type OR Show Slider Number","Text Validation Min","Text Validation Max",Identifier?,"Branching Logic (Show field only if...)","Required Field?","Custom Alignment","Question Number (surveys only)","Matrix Group Name","Matrix Ranking?","Field Annotation"
mwc_cde_id,mwc_v10,,text,"CDE ID",,,,,,,,,,,,," @DEFAULT='mwc_v10' @HIDDEN"
mwc_camh_cde,mwc_v10,,descriptive,"<div style=""border:1px solid black; padding:5px"">This instrument was downloaded from the CAMH Common Data Elements Library. All fields have been institutionally standardized and should not be modified. Please direct any questions or concerns to <a href=""mailto:clinical.redcap@camh.ca"">clinical.redcap@camh.ca</a>

This field is @HIDDEN</div>",,,,,,,,,,,,," @HIDDEN"
mcw_datestamp,mwc_v10,,text,Date,,,date_ymd,,,,,,,,,," @HIDDEN-SURVEY @TODAY"
mwc_intro,mwc_v10,,descriptive,"<p><span style=""font-weight: normal;"">Please indicate whether or not you have experienced these symptoms and rate their severity </span><u>during the past week.</u></p>",,,,,,,,,,,,,
mwc_01,mwc_v10," ",radio,"Shakiness/ tremulousness","0, None<br />0 | 1, Mild<br />1 | 2, Moderate<br />2 | 3, Severe<br />3",,,,,,,y,,,mwc_m1,,
mwc_02,mwc_v10,,radio,"Depressed mood","0, None<br />0 | 1, Mild<br />1 | 2, Moderate<br />2 | 3, Severe<br />3",,,,,,,y,,,mwc_m1,,
mwc_03,mwc_v10,,radio,"Decreased appetite","0, None<br />0 | 1, Mild<br />1 | 2, Moderate<br />2 | 3, Severe<br />3",,,,,,,y,,,mwc_m1,,
mwc_04,mwc_v10,,radio,Nausea,"0, None<br />0 | 1, Mild<br />1 | 2, Moderate<br />2 | 3, Severe<br />3",,,,,,,y,,,mwc_m1,,
mwc_05,mwc_v10,,radio,Irritability,"0, None<br />0 | 1, Mild<br />1 | 2, Moderate<br />2 | 3, Severe<br />3",,,,,,,y,,,mwc_m1,,
mwc_06,mwc_v10,,radio,"Sleep difficulty","0, None<br />0 | 1, Mild<br />1 | 2, Moderate<br />2 | 3, Severe<br />3",,,,,,,y,,,mwc_m1,,
mwc_07,mwc_v10,,radio,Sweating,"0, None<br />0 | 1, Mild<br />1 | 2, Moderate<br />2 | 3, Severe<br />3",,,,,,,y,,,mwc_m1,,
mwc_08,mwc_v10,,radio,"Craving to smoke marijuana","0, None<br />0 | 1, Mild<br />1 | 2, Moderate<br />2 | 3, Severe<br />3",,,,,,,y,,,mwc_m1,,
mwc_09,mwc_v10,,radio,Restlessness,"0, None<br />0 | 1, Mild<br />1 | 2, Moderate<br />2 | 3, Severe<br />3",,,,,,,y,,,mwc_m1,,
mwc_10,mwc_v10,,radio,"Nervousness/ anxiety","0, None<br />0 | 1, Mild<br />1 | 2, Moderate<br />2 | 3, Severe<br />3",,,,,,,y,,,mwc_m1,,
mwc_11,mwc_v10,,radio,"Increased aggression","0, None<br />0 | 1, Mild<br />1 | 2, Moderate<br />2 | 3, Severe<br />3",,,,,,,y,,,mwc_m1,,
mwc_12,mwc_v10,,radio,Headaches,"0, None<br />0 | 1, Mild<br />1 | 2, Moderate<br />2 | 3, Severe<br />3",,,,,,,y,,,mwc_m1,,
mwc_13,mwc_v10,,radio,"Stomach Pains","0, None<br />0 | 1, Mild<br />1 | 2, Moderate<br />2 | 3, Severe<br />3",,,,,,,y,,,mwc_m1,,
mwc_14,mwc_v10,,radio,"Strange dreams","0, None<br />0 | 1, Mild<br />1 | 2, Moderate<br />2 | 3, Severe<br />3",,,,,,,y,,,mwc_m1,,
mwc_15,mwc_v10,,radio,"Increased anger","0, None<br />0 | 1, Mild<br />1 | 2, Moderate<br />2 | 3, Severe<br />3",,,,,,,y,,,mwc_m1,,
mwc_16,mwc_v10,,radio,"Other (list below)","0, None<br />0 | 1, Mild<br />1 | 2, Moderate<br />2 | 3, Severe<br />3",,,,,,,y,,,mwc_m1,,
mwc_16_oth,mwc_v10,,notes,"List other symptoms",,,,,,,[mwc_16]>0,y,LV,,,,
mwc_total_score,mwc_v10," ",calc,"Total Score","[mwc_01] + [mwc_02] + [mwc_03] + [mwc_04] + [mwc_05] + [mwc_06] + [mwc_07] + [mwc_08] + [mwc_09] + [mwc_10] + [mwc_11] + [mwc_12] + [mwc_13] + [mwc_14] + [mwc_15] + [mwc_16]",,,,,,,,,,,," @HIDDEN-SURVEY"
