"Variable / Field Name","Form Name","Section Header","Field Type","Field Label","Choices, Calculations, OR Slider Labels","Field Note","Text Validation Type OR Show Slider Number","Text Validation Min","Text Validation Max",Identifier?,"Branching Logic (Show field only if...)","Required Field?","Custom Alignment","Question Number (surveys only)","Matrix Group Name","Matrix Ranking?","Field Annotation"
mcqsf_cde_id,mcqsf_v10,,text,"CDE ID",,,,,,,,,,,,," @DEFAULT='mcqsf_v10' @HIDDEN"
mcqsf_camh_cde,mcqsf_v10,,descriptive,"<div style=""border:1px solid black; padding:5px"">This instrument was downloaded from the CAMH Common Data Elements Library. All fields have been institutionally standardized and should not be modified. Please direct any questions or concerns to <a href=""mailto:clinical.redcap@camh.ca"">clinical.redcap@camh.ca</a>

This field is @HIDDEN</div>",,,,,,,,,,,,," @HIDDEN"
mcqsf_datestamp,mcqsf_v10,,text,Date,,,date_ymd,,,,,,,,,," @TODAY @HIDDEN"
mcqsf_intro,mcqsf_v10,,descriptive,"<p><span style=""font-weight: normal;"">Indicate how strongly you agree or disagree with each of the following statements by placing a check mark in one of the spaces between STRONGLY DISAGREE and STRONGLY AGREE. The closer you place your check mark to one end or the other indicates the strength of your agreement or disagreement. If you don't agree or disagree with a statement, place your check mark in the middle space. Please complete every item. We are interested in how you are thinking or feeling </span>right now<span style=""font-weight: normal;""> as you are filling out the questionnaire.</span></p>",,,,,,,,,,,,,
mcqsf_01,mcqsf_v10," ",radio,"Smoking marijuana would be pleasant right now.","1, <span style=""writing-mode: tb-rl; transform: rotate(-135deg)"">STRONGLY<br />DISAGREE</span><br />1 | 2, 2 | 3, 3 | 4, 4 | 5, 5 | 6, 6 | 7, <span style=""writing-mode: tb-rl; transform: rotate(-135deg)"">STRONGLY<br />AGREE</span><br />7",,,,,,,y,,,mcqsf_m1,,
mcqsf_02,mcqsf_v10,,radio,"I could not easily limit how much marijuana I smoked right now.","1, <span style=""writing-mode: tb-rl; transform: rotate(-135deg)"">STRONGLY<br />DISAGREE</span><br />1 | 2, 2 | 3, 3 | 4, 4 | 5, 5 | 6, 6 | 7, <span style=""writing-mode: tb-rl; transform: rotate(-135deg)"">STRONGLY<br />AGREE</span><br />7",,,,,,,y,,,mcqsf_m1,,
mcqsf_03,mcqsf_v10,,radio,"Right now, I am making plans to use marijuana.","1, <span style=""writing-mode: tb-rl; transform: rotate(-135deg)"">STRONGLY<br />DISAGREE</span><br />1 | 2, 2 | 3, 3 | 4, 4 | 5, 5 | 6, 6 | 7, <span style=""writing-mode: tb-rl; transform: rotate(-135deg)"">STRONGLY<br />AGREE</span><br />7",,,,,,,y,,,mcqsf_m1,,
mcqsf_04,mcqsf_v10,,radio,"I would feel more in control of things right now if I could smoke marijuana.","1, <span style=""writing-mode: tb-rl; transform: rotate(-135deg)"">STRONGLY<br />DISAGREE</span><br />1 | 2, 2 | 3, 3 | 4, 4 | 5, 5 | 6, 6 | 7, <span style=""writing-mode: tb-rl; transform: rotate(-135deg)"">STRONGLY<br />AGREE</span><br />7",,,,,,,y,,,mcqsf_m1,,
mcqsf_05,mcqsf_v10,,radio,"Smoking marijuana would help me sleep better at night.","1, <span style=""writing-mode: tb-rl; transform: rotate(-135deg)"">STRONGLY<br />DISAGREE</span><br />1 | 2, 2 | 3, 3 | 4, 4 | 5, 5 | 6, 6 | 7, <span style=""writing-mode: tb-rl; transform: rotate(-135deg)"">STRONGLY<br />AGREE</span><br />7",,,,,,,y,,,mcqsf_m1,,
mcqsf_06,mcqsf_v10,,radio,"If I smoked marijuana right now, I would feel less tense.","1, <span style=""writing-mode: tb-rl; transform: rotate(-135deg)"">STRONGLY<br />DISAGREE</span><br />1 | 2, 2 | 3, 3 | 4, 4 | 5, 5 | 6, 6 | 7, <span style=""writing-mode: tb-rl; transform: rotate(-135deg)"">STRONGLY<br />AGREE</span><br />7",,,,,,,y,,,mcqsf_m1,,
mcqsf_07,mcqsf_v10,,radio,"I would not be able to control how much marijuana I smoked if I had some here.","1, <span style=""writing-mode: tb-rl; transform: rotate(-135deg)"">STRONGLY<br />DISAGREE</span><br />1 | 2, 2 | 3, 3 | 4, 4 | 5, 5 | 6, 6 | 7, <span style=""writing-mode: tb-rl; transform: rotate(-135deg)"">STRONGLY<br />AGREE</span><br />7",,,,,,,y,,,mcqsf_m1,,
mcqsf_08,mcqsf_v10,,radio,"It would be great to smoke marijuana right now.","1, <span style=""writing-mode: tb-rl; transform: rotate(-135deg)"">STRONGLY<br />DISAGREE</span><br />1 | 2, 2 | 3, 3 | 4, 4 | 5, 5 | 6, 6 | 7, <span style=""writing-mode: tb-rl; transform: rotate(-135deg)"">STRONGLY<br />AGREE</span><br />7",,,,,,,y,,,mcqsf_m1,,
mcqsf_09,mcqsf_v10,,radio,"I would feel less anxious if I smoked marijuana right now.","1, <span style=""writing-mode: tb-rl; transform: rotate(-135deg)"">STRONGLY<br />DISAGREE</span><br />1 | 2, 2 | 3, 3 | 4, 4 | 5, 5 | 6, 6 | 7, <span style=""writing-mode: tb-rl; transform: rotate(-135deg)"">STRONGLY<br />AGREE</span><br />7",,,,,,,y,,,mcqsf_m1,,
mcqsf_10,mcqsf_v10,,radio,"I need to smoke marijuana now.","1, <span style=""writing-mode: tb-rl; transform: rotate(-135deg)"">STRONGLY<br />DISAGREE</span><br />1 | 2, 2 | 3, 3 | 4, 4 | 5, 5 | 6, 6 | 7, <span style=""writing-mode: tb-rl; transform: rotate(-135deg)"">STRONGLY<br />AGREE</span><br />7",,,,,,,y,,,mcqsf_m1,,
mcqsf_11,mcqsf_v10,,radio,"If I were smoking marijuana right now, I would feel less nervous.","1, <span style=""writing-mode: tb-rl; transform: rotate(-135deg)"">STRONGLY<br />DISAGREE</span><br />1 | 2, 2 | 3, 3 | 4, 4 | 5, 5 | 6, 6 | 7, <span style=""writing-mode: tb-rl; transform: rotate(-135deg)"">STRONGLY<br />AGREE</span><br />7",,,,,,,y,,,mcqsf_m1,,
mcqsf_12,mcqsf_v10,,radio,"Smoking marijuana would make me content.","1, <span style=""writing-mode: tb-rl; transform: rotate(-135deg)"">STRONGLY<br />DISAGREE</span><br />1 | 2, 2 | 3, 3 | 4, 4 | 5, 5 | 6, 6 | 7, <span style=""writing-mode: tb-rl; transform: rotate(-135deg)"">STRONGLY<br />AGREE</span><br />7",,,,,,,y,,,mcqsf_m1,,
mcqsf_f1,mcqsf_v10," ",calc,"FACTOR 1: Compulsivity","[mcqsf_02] + [mcqsf_07] + [mcqsf_10]",,,,,,,,,,,," @HIDDEN-SURVEY"
mcqsf_f2,mcqsf_v10,,calc,"FACTOR 2: Emotionality","[mcqsf_04] + [mcqsf_06] + [mcqsf_09]",,,,,,,,,,,," @HIDDEN-SURVEY"
mcqsf_f3,mcqsf_v10,,calc,"FACTOR 3: Expectancy","[mcqsf_05] + [mcqsf_11] + [mcqsf_12]",,,,,,,,,,,," @HIDDEN-SURVEY"
mcqsf_f4,mcqsf_v10,,calc,"FACTOR 4: Purposefulness","[mcqsf_01] + [mcqsf_03] + [mcqsf_08]",,,,,,,,,,,," @HIDDEN-SURVEY"
