"Variable / Field Name","Form Name","Section Header","Field Type","Field Label","Choices, Calculations, OR Slider Labels","Field Note","Text Validation Type OR Show Slider Number","Text Validation Min","Text Validation Max",Identifier?,"Branching Logic (Show field only if...)","Required Field?","Custom Alignment","Question Number (surveys only)","Matrix Group Name","Matrix Ranking?","Field Annotation"
dudit_cde_id,dudit_v10,,text,"CDE ID",,,,,,,,,,,,," @DEFAULT='dudit_v10' @HIDDEN"
dudit_camh_cde,dudit_v10,,descriptive,"<div style=""border:1px solid black; padding:5px"">This instrument was downloaded from the CAMH Common Data Elements Library. All fields have been institutionally standardized and should not be modified. Please direct any questions or concerns to <a href=""mailto:clinical.redcap@camh.ca"">clinical.redcap@camh.ca</a>

This field is @HIDDEN</div>",,,,,,,,,,,,," @HIDDEN"
dudit_show_list,dudit_v10,"<div class=""rich-text-field-label""><p>Here are a few questions about drugs.</p> <p><span style=""font-weight: normal;"">Please answer as correctly and honestly as possible by indicating which answer is right for you.</span></p></div>",checkbox,"Click to view list of drugs","1, Show/hide list",,,,,,,,LV,,,,
dudit_intro,dudit_v10,,descriptive,<center>,,,,,,,[dudit_show_list(1)]='1',,,,,,
dudit_sex,dudit_v10,,radio,Sex,"1, Man | 2, Woman",,,,,,,,LV,,,," @HIDDEN"
dudit_age,dudit_v10,,text,Age,,,integer,0,100,,,y,,,,,
dudit_001,dudit_v10,,radio,"How often do you use drugs other than alcohol?
(See list of drugs above).","0, Never | 1, Once a month or less often | 2, 2-4 times a month | 3, 2-3 times a week | 4, 4 times a week or more often",,,,,,,y,LV,,,,
dudit_002,dudit_v10,,radio,"Do you use more than one type of drug on the same occasion? ","0, Never | 1, Once a month or less often | 2, 2-4 times a month | 3, 2-3 times a week | 4, 4 times a week or more often",,,,,,,y,LV,,,,
dudit_003,dudit_v10,,radio,"How many times do you take drugs on a typical day when you use drugs?","0, 0 | 1, 1-2 | 2, 3-4 | 3, 5-6 | 4, 7 or more",,,,,,,y,LV,,,,
dudit_004,dudit_v10,,radio,"How often are you influenced heavily by drugs? ","0, Never | 1, Less often than once a month | 2, Every month | 3, Every week | 4, Daily or almost every day",,,,,,,y,LV,,,,
dudit_005,dudit_v10,,radio,"Over the past year, have you felt that your longing for drugs was so strong that you could not resist it?","0, Never | 1, Less often than once a month | 2, Every month | 3, Every week | 4, Daily or almost every day",,,,,,,y,LV,,,,
dudit_006,dudit_v10,,radio,"Has it happened, over the past year, that you have not been able to stop taking drugs once you started?","0, Never | 1, Less often than once a month | 2, Every month | 3, Every week | 4, Daily or almost every day",,,,,,,y,LV,,,,
dudit_007,dudit_v10,,radio,"How often over the past year have you taken drugs and then neglected to do something you should have done?","0, Never | 1, Less often than once a month | 2, Every month | 3, Every week | 4, Daily or almost every day",,,,,,,y,LV,,,,
dudit_008,dudit_v10,,radio,"How often over the past year have you needed to take a drug the morning after heavy drug use the day before?","0, Never | 1, Less often than once a month | 2, Every month | 3, Every week | 4, Daily or almost every day",,,,,,,y,LV,,,,
dudit_009,dudit_v10,,radio,"How often over the past year have you had guilt feelings or a bad conscience because you used drugs?","0, Never | 1, Less often than once a month | 2, Every month | 3, Every week | 4, Daily or almost every day",,,,,,,y,LV,,,,
dudit_010,dudit_v10,,radio,"Have you or anyone else been hurt (mentally or physically) because you used drugs?","0, No | 2, Yes, but not over the past year | 4, Yes, over the past year",,,,,,,y,LV,,,,
dudit_011,dudit_v10,,radio,"Has a relative or a friend, a doctor or a nurse, or anyone else, been worried about your drug use or said to you that you should stop using drugs?","0, No | 2, Yes, but not over the past year | 4, Yes, over the past year",,,,,,,y,LV,,,,
dudit_total_score,dudit_v10,,calc,"DUDIT score",[dudit_001]+[dudit_002]+[dudit_003]+[dudit_004]+[dudit_005]+[dudit_006]+[dudit_007]+[dudit_008]+[dudit_009]+[dudit_010]+[dudit_011],,,,,,,,,,,,
