"Variable / Field Name","Form Name","Section Header","Field Type","Field Label","Choices, Calculations, OR Slider Labels","Field Note","Text Validation Type OR Show Slider Number","Text Validation Min","Text Validation Max",Identifier?,"Branching Logic (Show field only if...)","Required Field?","Custom Alignment","Question Number (surveys only)","Matrix Group Name","Matrix Ranking?","Field Annotation"
mps_cde_id,mps_v10,,text,"CDE ID",,,,,,,,,,,,," @DEFAULT='mps_v10' @HIDDEN"
mps_camh_cde,mps_v10,,descriptive,"<div style=""border:1px solid black; padding:5px"">This instrument was downloaded from the CAMH Common Data Elements Library. All fields have been institutionally standardized and should not be modified. Please direct any questions or concerns to <a href=""mailto:clinical.redcap@camh.ca"">clinical.redcap@camh.ca</a>

This field is @HIDDEN</div>",,,,,,,,,,,,," @HIDDEN"
mps_datestamp,mps_v10,,text,Date,,,date_ymd,,,,,,,,,," @HIDDEN-SURVEY"
mps_intro,mps_v10,,descriptive,"Following are different types of problems you may have experienced as a result of smoking marijuana. Please circle the number that indicates whether each item has been a problem for you in the past month.",,,,,,,,,,,,,
mps_01,mps_v10,"Has marijuana use caused you...",radio,"Problems between you and your partner","0, No Problem | 1, Minor Problem | 2, Serious Problem",,,,,,,y,,,mps_m1,,
mps_02,mps_v10,,radio,"Problems in your family","0, No Problem | 1, Minor Problem | 2, Serious Problem",,,,,,,y,,,mps_m1,,
mps_03,mps_v10,,radio,"To neglect your family","0, No Problem | 1, Minor Problem | 2, Serious Problem",,,,,,,y,,,mps_m1,,
mps_04,mps_v10,,radio,"Problems between you and your friends","0, No Problem | 1, Minor Problem | 2, Serious Problem",,,,,,,y,,,mps_m1,,
mps_05,mps_v10,,radio,"To miss days at work or miss classes","0, No Problem | 1, Minor Problem | 2, Serious Problem",,,,,,,y,,,mps_m1,,
mps_06,mps_v10,,radio,"To lose a job","0, No Problem | 1, Minor Problem | 2, Serious Problem",,,,,,,y,,,mps_m1,,
mps_07,mps_v10,,radio,"To have lower productivity","0, No Problem | 1, Minor Problem | 2, Serious Problem",,,,,,,y,,,mps_m1,,
mps_08,mps_v10,,radio,"Medical problems","0, No Problem | 1, Minor Problem | 2, Serious Problem",,,,,,,y,,,mps_m1,,
mps_09,mps_v10,,radio,"Withdrawal symptoms","0, No Problem | 1, Minor Problem | 2, Serious Problem",,,,,,,y,,,mps_m1,,
mps_10,mps_v10,,radio,"Blackouts or flashbacks","0, No Problem | 1, Minor Problem | 2, Serious Problem",,,,,,,y,,,mps_m1,,
mps_11,mps_v10,,radio,"Memory loss","0, No Problem | 1, Minor Problem | 2, Serious Problem",,,,,,,y,,,mps_m1,,
mps_12,mps_v10,,radio,"Difficulty sleeping","0, No Problem | 1, Minor Problem | 2, Serious Problem",,,,,,,y,,,mps_m1,,
mps_13,mps_v10,,radio,"Financial difficulties","0, No Problem | 1, Minor Problem | 2, Serious Problem",,,,,,,y,,,mps_m1,,
mps_14,mps_v10,,radio,"Legal problems","0, No Problem | 1, Minor Problem | 2, Serious Problem",,,,,,,y,,,mps_m1,,
mps_15,mps_v10,,radio,"To have lower energy level","0, No Problem | 1, Minor Problem | 2, Serious Problem",,,,,,,y,,,mps_m1,,
mps_16,mps_v10,,radio,"To feel bad about your use","0, No Problem | 1, Minor Problem | 2, Serious Problem",,,,,,,y,,,mps_m1,,
mps_17,mps_v10,,radio,"Lowered self-esteem","0, No Problem | 1, Minor Problem | 2, Serious Problem",,,,,,,y,,,mps_m1,,
mps_18,mps_v10,,radio,"To procrastinate","0, No Problem | 1, Minor Problem | 2, Serious Problem",,,,,,,y,,,mps_m1,,
mps_19,mps_v10,,radio,"To lack self-confidence","0, No Problem | 1, Minor Problem | 2, Serious Problem",,,,,,,y,,,mps_m1,,
mps_total_score,mps_v10," ",calc,"Total score

(Will normally be hidden)","if([mps_01]>0, 1, [mps_01]) + 
if([mps_02]>0, 1, [mps_02]) + 
if([mps_03]>0, 1, [mps_03]) + 
if([mps_04]>0, 1, [mps_04]) + 
if([mps_05]>0, 1, [mps_05]) + 
if([mps_06]>0, 1, [mps_06]) + 
if([mps_07]>0, 1, [mps_07]) + 
if([mps_08]>0, 1, [mps_08]) + 
if([mps_09]>0, 1, [mps_09]) + 
if([mps_10]>0, 1, [mps_10]) + 
if([mps_11]>0, 1, [mps_11]) + 
if([mps_12]>0, 1, [mps_12]) + 
if([mps_13]>0, 1, [mps_13]) + 
if([mps_14]>0, 1, [mps_14]) + 
if([mps_15]>0, 1, [mps_15]) + 
if([mps_16]>0, 1, [mps_16]) + 
if([mps_17]>0, 1, [mps_17]) + 
if([mps_18]>0, 1, [mps_18]) + 
if([mps_19]>0, 1, [mps_19])",,,,,,,,,,,,
