"Variable / Field Name","Form Name","Section Header","Field Type","Field Label","Choices, Calculations, OR Slider Labels","Field Note","Text Validation Type OR Show Slider Number","Text Validation Min","Text Validation Max",Identifier?,"Branching Logic (Show field only if...)","Required Field?","Custom Alignment","Question Number (surveys only)","Matrix Group Name","Matrix Ranking?","Field Annotation"
wd2_cde_id,wd2_v10,,text,CDE-ID,,,,,,,,,,,,," @HIDDEN @DEFAULT='wd2_v10'"
wd2_camh_cde,wd2_v10,,descriptive,"This instrument was downloaded from the CAMH Common Data Elements Library. All fields have been institutionally standardized and should not be modified. Please direct any questions or concerns to <a href=""mailto:clinical.redcap@camh.ca"">clinical.redcap@camh.ca</a>

This field is @HIDDEN",,,,,,,,,,,,," @HIDDEN"
wd2_intro,wd2_v10,"This questionnaire asks about <u>difficulties due to health conditions.</u> Health conditions include diseases or illnesses, other health problems that may be short or long lasting, injuries, mental or emotional problems, and problems with alcohol or drugs.

Think back over the <u>past 30 days</u> and answer these questions, thinking about how much difficulty you had doing the following activities.",descriptive,"In the past <u>30 days</u>, how much <u> difficulty</u> did you have in:",,,,,,,,,,,,,
wd2_d1_1,wd2_v10,"Understanding and communicating",radio,"<u>Concentrating</u> on doing something for <u>ten minutes</u>?","0, None | 1, Mild | 2, Moderate | 3, Severe | 4, Extreme or cannot do",,,,,,,y,LV,,,,
wd2_d1_2,wd2_v10,,radio,"<u>Remembering</u> to do <u>important things</u>?","0, None | 1, Mild | 2, Moderate | 3, Severe | 4, Extreme or cannot do",,,,,,,y,LV,,,,
wd2_d1_3,wd2_v10,,radio,"<u>Analysing and finding solutions to problems</u> in day-to-day life?","0, None | 1, Mild | 2, Moderate | 3, Severe | 4, Extreme or cannot do",,,,,,,y,LV,,,,
wd2_d1_4,wd2_v10,,radio,"<u>Learning</u> a <u>new task</u>, for example, learning how to get to a new place?","0, None | 1, Mild | 2, Moderate | 3, Severe | 4, Extreme or cannot do",,,,,,,y,LV,,,,
wd2_d1_5,wd2_v10,,radio,"<u>Generally understanding</u> what people say?","0, None | 1, Mild | 2, Moderate | 3, Severe | 4, Extreme or cannot do",,,,,,,y,LV,,,,
wd2_d1_6,wd2_v10,,radio,"<u>Starting and maintaining</u> a <u>conversation</u>?","0, None | 1, Mild | 2, Moderate | 3, Severe | 4, Extreme or cannot do",,,,,,,y,LV,,,,
wd2_d2_1,wd2_v10,"Getting around",radio,"<u>Standing</u> for <u>long periods</u> such as <u>30 minutes</u>?","0, None | 1, Mild | 2, Moderate | 3, Severe | 4, Extreme or cannot do",,,,,,,y,LV,,,,
wd2_d2_2,wd2_v10,,radio,"<u>Standing up</u> from sitting down?","0, None | 1, Mild | 2, Moderate | 3, Severe | 4, Extreme or cannot do",,,,,,,y,LV,,,,
wd2_d2_3,wd2_v10,,radio,"<u>Moving</u> around <u>inside your home</u>?","0, None | 1, Mild | 2, Moderate | 3, Severe | 4, Extreme or cannot do",,,,,,,y,LV,,,,
wd2_d2_4,wd2_v10,,radio,"<u>Getting out</u> of your <u>home</u>?","0, None | 1, Mild | 2, Moderate | 3, Severe | 4, Extreme or cannot do",,,,,,,y,LV,,,,
wd2_d2_5,wd2_v10,,radio,"<u>Walking a long distance</u> such as a <u>kilometre</u> (or equivalent)?","0, None | 1, Mild | 2, Moderate | 3, Severe | 4, Extreme or cannot do",,,,,,,y,LV,,,,
wd2_d3_1,wd2_v10,Self-care,radio,"<u>Washing</u> your <u>whole body</u>?","0, None | 1, Mild | 2, Moderate | 3, Severe | 4, Extreme or cannot do",,,,,,,y,LV,,,,
wd2_d3_2,wd2_v10,,radio,"Getting <u>dressed</u>?","0, None | 1, Mild | 2, Moderate | 3, Severe | 4, Extreme or cannot do",,,,,,,y,LV,,,,
wd2_d3_3,wd2_v10,,radio,<u>Eating</u>?,"0, None | 1, Mild | 2, Moderate | 3, Severe | 4, Extreme or cannot do",,,,,,,y,LV,,,,
wd2_d3_4,wd2_v10,,radio,"Staying <u>by yourself</u> for a <u>few days</u>?","0, None | 1, Mild | 2, Moderate | 3, Severe | 4, Extreme or cannot do",,,,,,,y,LV,,,,
wd2_d4_1,wd2_v10,"Getting along with people",radio,"<u>Dealing</u> with people <u>you do not know</u>?","0, None | 1, Mild | 2, Moderate | 3, Severe | 4, Extreme or cannot do",,,,,,,y,LV,,,,
wd2_d4_2,wd2_v10,,radio,"<u>Maintaining a friendship</u>?","0, None | 1, Mild | 2, Moderate | 3, Severe | 4, Extreme or cannot do",,,,,,,y,LV,,,,
wd2_d4_3,wd2_v10,,radio,"<u>Getting along</u> with people who are <u>close</u> to you?","0, None | 1, Mild | 2, Moderate | 3, Severe | 4, Extreme or cannot do",,,,,,,y,LV,,,,
wd2_d4_4,wd2_v10,,radio,"<u>Making new friends</u>?","0, None | 1, Mild | 2, Moderate | 3, Severe | 4, Extreme or cannot do",,,,,,,y,LV,,,,
wd2_d4_5,wd2_v10,,radio,"<u>Sexual activities</u>?","0, None | 1, Mild | 2, Moderate | 3, Severe | 4, Extreme or cannot do",,,,,,,y,LV,,,,
wd2_d5_1,wd2_v10,"Life activites",radio,"Taking care of your <u>household responsibilities</u>?","0, None | 1, Mild | 2, Moderate | 3, Severe | 4, Extreme or cannot do",,,,,,,y,LV,,,,
wd2_d5_2,wd2_v10,,radio,"Doing most important household tasks <u>well</u>?","0, None | 1, Mild | 2, Moderate | 3, Severe | 4, Extreme or cannot do",,,,,,,y,LV,,,,
wd2_d5_3,wd2_v10,,radio,"Getting all the household work <u>done</u> that you needed to do?","0, None | 1, Mild | 2, Moderate | 3, Severe | 4, Extreme or cannot do",,,,,,,y,LV,,,,
wd2_d5_4,wd2_v10,,radio,"Getting your household work done as <u>quickly</u> as needed?","0, None | 1, Mild | 2, Moderate | 3, Severe | 4, Extreme or cannot do",,,,,,,y,LV,,,,
wd2_d5_work,wd2_v10,,yesno,"Do you work (paid, non-paid, self-employed) or go to school?",,,,,,,,y,LV,,,,
wd2_d5_5,wd2_v10,"Because of your helath condition, in the past <u>30 days,</u> how much <u>difficulty</u> did you have in:",radio,"Your day-to-day <u>work/school</u>?","0, None | 1, Mild | 2, Moderate | 3, Severe | 4, Extreme or cannot do",,,,,,[wd2_d5_work]='1',y,LV,,,,
wd2_d5_6,wd2_v10,,radio,"Doing your most important work/school tasks <u>well</u>?","0, None | 1, Mild | 2, Moderate | 3, Severe | 4, Extreme or cannot do",,,,,,[wd2_d5_work]='1',y,LV,,,,
wd2_d5_7,wd2_v10,,radio,"Getting all the work <u>done</u> that you need to do?","0, None | 1, Mild | 2, Moderate | 3, Severe | 4, Extreme or cannot do",,,,,,[wd2_d5_work]='1',y,LV,,,,
wd2_d5_8,wd2_v10,,radio,"Getting your work done as <u>quickly</u> as needed?","0, None | 1, Mild | 2, Moderate | 3, Severe | 4, Extreme or cannot do",,,,,,[wd2_d5_work]='1',y,LV,,,,
wd2_d6_1,wd2_v10,"Participation in society

<span style=""font-weight: lighter;"">In the past <u>30 days</u>:</span>",radio,"How much of a problem did you have in <u>joining in community activities</u> (for example, festivities, religious or other activities) in the same way as anyone else can?","0, None | 1, Mild | 2, Moderate | 3, Severe | 4, Extreme or cannot do",,,,,,,y,LV,,,,
wd2_d6_2,wd2_v10,,radio,"How much of a problem did you have because of <u>barriers or hindrances</u> in the world around you?","0, None | 1, Mild | 2, Moderate | 3, Severe | 4, Extreme or cannot do",,,,,,,y,LV,,,,
wd2_d6_3,wd2_v10,,radio,"How much of a problem did you have <u>living with dignity</u> because of the attitudes and actions of others?","0, None | 1, Mild | 2, Moderate | 3, Severe | 4, Extreme or cannot do",,,,,,,y,LV,,,,
wd2_d6_4,wd2_v10,,radio,"How much <u>time</u> did <u>you</u> spend on your health condition, or its consequences?","0, None | 1, Mild | 2, Moderate | 3, Severe | 4, Extreme or cannot do",,,,,,,y,LV,,,,
wd2_d6_5,wd2_v10,,radio,"How much have <u>you</u> been <u>emotionally</u> <u>affected</u> by your health condition?","0, None | 1, Mild | 2, Moderate | 3, Severe | 4, Extreme or cannot do",,,,,,,y,LV,,,,
wd2_d6_6,wd2_v10,,radio,"How much has your health been a <u>drain on the financial resources</u> of you or your family?","0, None | 1, Mild | 2, Moderate | 3, Severe | 4, Extreme or cannot do",,,,,,,y,LV,,,,
wd2_d6_7,wd2_v10,,radio,"How much of a problem did your <u>family</u> have because of your health problems?","0, None | 1, Mild | 2, Moderate | 3, Severe | 4, Extreme or cannot do",,,,,,,y,LV,,,,
wd2_d6_8,wd2_v10,,radio,"How much of a problem did you have in doing things <u>by yourself</u> for <u>relaxation or pleasure?</u>","0, None | 1, Mild | 2, Moderate | 3, Severe | 4, Extreme or cannot do",,,,,,,y,LV,,,,
wd2_h1_1,wd2_v10,,text,"Overall, in the past 30 days, <u>how many days</u> were these difficulties present?",,"<em>Record number of days</em>",number,,,,,y,LV,,,,
wd2_h1_2,wd2_v10,,text,"In the past 30 days, for how many days were you <u>totally unable</u> to carry out your usual activities or work because of any health condition?",,"<em>Record number of days</em>",number,,,,,y,LV,,,,
wd2_h1_3,wd2_v10,,text,"In the past 30 days, not counting the days that you were totally unable, for how many days did you <u>cut back</u> or <u>reduce</u> your usual activities or work because of any health condition?",,"<em>Record number of days</em>",number,,,,,y,LV,,,,
wd2_d1_score,wd2_v10,Scoring,calc,"Domain D1 score","([wd2_d1_1] + [wd2_d1_2] + [wd2_d1_3] + [wd2_d1_4] + [wd2_d1_5] + [wd2_d1_6])/24",,,,,,,,,,,," @HIDDEN-SURVEY"
wd2_d2_score,wd2_v10,,calc,"Domain D2 score","([wd2_d2_1] + [wd2_d2_2] + [wd2_d2_3] + [wd2_d2_4] + [wd2_d2_5])/20",,,,,,,,,,,," @HIDDEN-SURVEY"
wd2_d3_score,wd2_v10,,calc,"Domain D3 score","([wd2_d3_1] + [wd2_d3_2] + [wd2_d3_3] + [wd2_d3_4])/16",,,,,,,,,,,," @HIDDEN-SURVEY"
wd2_d4_score,wd2_v10,,calc,"Domain D4 score","([wd2_d4_1] + [wd2_d4_2] + [wd2_d4_3] + [wd2_d4_4] + [wd2_d4_5])/20",,,,,,,,,,,," @HIDDEN-SURVEY"
wd2_d5_score,wd2_v10,,calc,"Domain D5 score","sum([wd2_d5_1], [wd2_d5_2], [wd2_d5_3], [wd2_d5_4], [wd2_d5_5], [wd2_d5_6], [wd2_d5_7], [wd2_d5_8])/32",,,,,,,,,,,," @HIDDEN-SURVEY"
wd2_d6_score,wd2_v10,,calc,"Domain D6 score","([wd2_d6_1] + [wd2_d6_2] + [wd2_d6_3] + [wd2_d6_4] + [wd2_d6_5] + [wd2_d6_6] + [wd2_d6_7] + [wd2_d6_8])/32",,,,,,,,,,,," @HIDDEN-SURVEY"
wd2_overall_score,wd2_v10,,calc,"Overall score","([wd2_d1_score] +[wd2_d2_score] +[wd2_d3_score] +[wd2_d4_score] +[wd2_d5_score] +[wd2_d6_score])/6",,,,,,,,,,,," @HIDDEN-SURVEY"
