"Variable / Field Name","Form Name","Section Header","Field Type","Field Label","Choices, Calculations, OR Slider Labels","Field Note","Text Validation Type OR Show Slider Number","Text Validation Min","Text Validation Max",Identifier?,"Branching Logic (Show field only if...)","Required Field?","Custom Alignment","Question Number (surveys only)","Matrix Group Name","Matrix Ranking?","Field Annotation"
asrs_cde_id,asrs_v10,,text,"CDE ID",,,,,,,,,,,,," @DEFAULT='asrs_v10' @HIDDEN"
asrs_camh_cde,asrs_v10,,descriptive,"This instrument was downloaded from the CAMH Common Data Elements Library. All fields have been institutionally standardized and should not be modified. Please direct any questions or concerns to <a href=""mailto:clinical.redcap@camh.ca"">clinical.redcap@camh.ca</a>

This field is @HIDDEN",,,,,,,,,,,,," @HIDDEN"
asrs_01,asrs_v10,"Select the response that best describes how you have felt and conducted yourself over the past 6 months.",radio,"How often do you have trouble wrapping up the final details of a project, once the challenging parts have been done?","1, Never | 2, Rarely | 3, Sometimes | 4, Often | 5, Very Often",,,,,,,y,LV,,,,
asrs_02,asrs_v10,,radio,"How often do you have difficulty getting things in order when you have to do a task that requires organization?","1, Never | 2, Rarely | 3, Sometimes | 4, Often | 5, Very Often",,,,,,,y,LV,,,,
asrs_03,asrs_v10,,radio,"How often do you have problems remembering appointments or obligations?","1, Never | 2, Rarely | 3, Sometimes | 4, Often | 5, Very Often",,,,,,,y,LV,,,,
asrs_04,asrs_v10,,radio,"When you have a task that requires a lot of thought, how often do you avoid or delay getting started?","1, Never | 2, Rarely | 3, Sometimes | 4, Often | 5, Very Often",,,,,,,y,LV,,,,
asrs_05,asrs_v10,,radio,"How often do you fidget or squirm with your hands or feet when you have to sit down for a long time?","1, Never | 2, Rarely | 3, Sometimes | 4, Often | 5, Very Often",,,,,,,y,LV,,,,
asrs_06,asrs_v10,,radio,"How often do you feel overly active and compelled to do things, like you were driven by a motor?","1, Never | 2, Rarely | 3, Sometimes | 4, Often | 5, Very Often",,,,,,,y,LV,,,,
asrs_total_score,asrs_v10,,calc,"ASRS Total Score (count of ""shaded box"" answers; see manual for details)","if([asrs_01]>2,1,0) + if([asrs_02]>2,1,0) +  if([asrs_03]>2,1,0) +  if([asrs_04]>3,1,0) +  if([asrs_05]>3,1,0) +  if([asrs_06]>3,1,0)",,,,,,,,LV,,,," @HIDDEN-SURVEY"
