"Variable / Field Name","Form Name","Section Header","Field Type","Field Label","Choices, Calculations, OR Slider Labels","Field Note","Text Validation Type OR Show Slider Number","Text Validation Min","Text Validation Max",Identifier?,"Branching Logic (Show field only if...)","Required Field?","Custom Alignment","Question Number (surveys only)","Matrix Group Name","Matrix Ranking?","Field Annotation"
bprs24i_cde_id,bprs_24i_v10,,text,CDE-ID,,,,,,,,,,,,," @HIDDEN @DEFAULT='bprs_24i_v10'"
bprs24i_camh_cde,bprs_24i_v10,,descriptive,"This instrument was downloaded from the CAMH Common Data Elements Library. All fields have been institutionally standardized and should not be modified. Please direct any questions or concerns to <a href=""mailto:clinical.redcap@camh.ca"">clinical.redcap@camh.ca</a>

This field is @HIDDEN",,,,,,,,,,,,," @HIDDEN"
bprs24i_001,bprs_24i_v10,,radio,"Somatic concern","0, Not assessed | 1, 1 = Not present | 2, 2 = Very mild | 3, 3 = Mild | 4, 4 = Moderate | 5, 5 = Moderately severe | 6, 6 = Severe | 7, 7 = Extremely severe",,,,,,,y,LV,1,,,
bprs24i_002,bprs_24i_v10,,radio,"Anxiety ","0, Not assessed | 1, 1 = Not present | 2, 2 = Very mild | 3, 3 = Mild | 4, 4 = Moderate | 5, 5 = Moderately severe | 6, 6 = Severe | 7, 7 = Extremely severe",,,,,,,y,LV,2,,,
bprs24i_003,bprs_24i_v10,,radio,Depression,"0, Not assessed | 1, 1 = Not present | 2, 2 = Very mild | 3, 3 = Mild | 4, 4 = Moderate | 5, 5 = Moderately severe | 6, 6 = Severe | 7, 7 = Extremely severe",,,,,,,y,LV,3,,,
bprs24i_004,bprs_24i_v10,,radio,"Guilt ","0, Not assessed | 1, 1 = Not present | 2, 2 = Very mild | 3, 3 = Mild | 4, 4 = Moderate | 5, 5 = Moderately severe | 6, 6 = Severe | 7, 7 = Extremely severe",,,,,,,y,LV,4,,,
bprs24i_005,bprs_24i_v10,,radio,Hostility,"0, Not assessed | 1, 1 = Not present | 2, 2 = Very mild | 3, 3 = Mild | 4, 4 = Moderate | 5, 5 = Moderately severe | 6, 6 = Severe | 7, 7 = Extremely severe",,,,,,,y,LV,5,,,
bprs24i_006,bprs_24i_v10,,radio,Suspiciousness,"0, Not assessed | 1, 1 = Not present | 2, 2 = Very mild | 3, 3 = Mild | 4, 4 = Moderate | 5, 5 = Moderately severe | 6, 6 = Severe | 7, 7 = Extremely severe",,,,,,,y,LV,6,,,
bprs24i_007,bprs_24i_v10,,radio,"Unusual thought content","0, Not assessed | 1, 1 = Not present | 2, 2 = Very mild | 3, 3 = Mild | 4, 4 = Moderate | 5, 5 = Moderately severe | 6, 6 = Severe | 7, 7 = Extremely severe",,,,,,,y,LV,7,,,
bprs24i_008,bprs_24i_v10,,radio,Grandiosity,"0, Not assessed | 1, 1 = Not present | 2, 2 = Very mild | 3, 3 = Mild | 4, 4 = Moderate | 5, 5 = Moderately severe | 6, 6 = Severe | 7, 7 = Extremely severe",,,,,,,y,LV,8,,,
bprs24i_009,bprs_24i_v10,,radio,Hallucinations,"0, Not assessed | 1, 1 = Not present | 2, 2 = Very mild | 3, 3 = Mild | 4, 4 = Moderate | 5, 5 = Moderately severe | 6, 6 = Severe | 7, 7 = Extremely severe",,,,,,,y,LV,9,,,
bprs24i_010,bprs_24i_v10,,radio,Disorientation,"0, Not assessed | 1, 1 = Not present | 2, 2 = Very mild | 3, 3 = Mild | 4, 4 = Moderate | 5, 5 = Moderately severe | 6, 6 = Severe | 7, 7 = Extremely severe",,,,,,,y,LV,10,,,
bprs24i_011,bprs_24i_v10,,radio,"Conceptual disorganization","0, Not assessed | 1, 1 = Not present | 2, 2 = Very mild | 3, 3 = Mild | 4, 4 = Moderate | 5, 5 = Moderately severe | 6, 6 = Severe | 7, 7 = Extremely severe",,,,,,,y,LV,11,,,
bprs24i_012,bprs_24i_v10,,radio,Excitement,"0, Not assessed | 1, 1 = Not present | 2, 2 = Very mild | 3, 3 = Mild | 4, 4 = Moderate | 5, 5 = Moderately severe | 6, 6 = Severe | 7, 7 = Extremely severe",,,,,,,y,LV,12,,,
bprs24i_013,bprs_24i_v10,,radio,"Motor retardation","0, Not assessed | 1, 1 = Not present | 2, 2 = Very mild | 3, 3 = Mild | 4, 4 = Moderate | 5, 5 = Moderately severe | 6, 6 = Severe | 7, 7 = Extremely severe",,,,,,,y,LV,13,,,
bprs24i_014,bprs_24i_v10,,radio,"Blunted affect","0, Not assessed | 1, 1 = Not present | 2, 2 = Very mild | 3, 3 = Mild | 4, 4 = Moderate | 5, 5 = Moderately severe | 6, 6 = Severe | 7, 7 = Extremely severe",,,,,,,y,LV,14,,,
bprs24i_015,bprs_24i_v10,,radio,"Tension ","0, Not assessed | 1, 1 = Not present | 2, 2 = Very mild | 3, 3 = Mild | 4, 4 = Moderate | 5, 5 = Moderately severe | 6, 6 = Severe | 7, 7 = Extremely severe",,,,,,,y,LV,15,,,
bprs24i_016,bprs_24i_v10,,radio,"Mannerisms and posturing","0, Not assessed | 1, 1 = Not present | 2, 2 = Very mild | 3, 3 = Mild | 4, 4 = Moderate | 5, 5 = Moderately severe | 6, 6 = Severe | 7, 7 = Extremely severe",,,,,,,y,LV,16,,,
bprs24i_017,bprs_24i_v10,,radio,Uncooperativeness,"0, Not assessed | 1, 1 = Not present | 2, 2 = Very mild | 3, 3 = Mild | 4, 4 = Moderate | 5, 5 = Moderately severe | 6, 6 = Severe | 7, 7 = Extremely severe",,,,,,,y,LV,17,,,
bprs24i_018,bprs_24i_v10,,radio,"Emotional withdrawal","0, Not assessed | 1, 1 = Not present | 2, 2 = Very mild | 3, 3 = Mild | 4, 4 = Moderate | 5, 5 = Moderately severe | 6, 6 = Severe | 7, 7 = Extremely severe",,,,,,,y,LV,18,,,
bprs24i_019,bprs_24i_v10,,radio,Suicidality,"0, Not assessed | 1, 1 = Not present | 2, 2 = Very mild | 3, 3 = Mild | 4, 4 = Moderate | 5, 5 = Moderately severe | 6, 6 = Severe | 7, 7 = Extremely severe",,,,,,,y,LV,19,,,
bprs24i_020,bprs_24i_v10,,radio,Self-neglect,"0, Not assessed | 1, 1 = Not present | 2, 2 = Very mild | 3, 3 = Mild | 4, 4 = Moderate | 5, 5 = Moderately severe | 6, 6 = Severe | 7, 7 = Extremely severe",,,,,,,y,LV,20,,,
bprs24i_021,bprs_24i_v10,,radio,"Bizarre behavior","0, Not assessed | 1, 1 = Not present | 2, 2 = Very mild | 3, 3 = Mild | 4, 4 = Moderate | 5, 5 = Moderately severe | 6, 6 = Severe | 7, 7 = Extremely severe",,,,,,,y,LV,21,,,
bprs24i_022,bprs_24i_v10,,radio,"Elated mood","0, Not assessed | 1, 1 = Not present | 2, 2 = Very mild | 3, 3 = Mild | 4, 4 = Moderate | 5, 5 = Moderately severe | 6, 6 = Severe | 7, 7 = Extremely severe",,,,,,,y,LV,22,,,
bprs24i_023,bprs_24i_v10,,radio,"Motor hyperactivity","0, Not assessed | 1, 1 = Not present | 2, 2 = Very mild | 3, 3 = Mild | 4, 4 = Moderate | 5, 5 = Moderately severe | 6, 6 = Severe | 7, 7 = Extremely severe",,,,,,,y,LV,23,,,
bprs24i_024,bprs_24i_v10,,radio,Distractibility,"0, Not assessed | 1, 1 = Not present | 2, 2 = Very mild | 3, 3 = Mild | 4, 4 = Moderate | 5, 5 = Moderately severe | 6, 6 = Severe | 7, 7 = Extremely severe",,,,,,,y,LV,24,,,
