"Variable / Field Name","Form Name","Section Header","Field Type","Field Label","Choices, Calculations, OR Slider Labels","Field Note","Text Validation Type OR Show Slider Number","Text Validation Min","Text Validation Max",Identifier?,"Branching Logic (Show field only if...)","Required Field?","Custom Alignment","Question Number (surveys only)","Matrix Group Name","Matrix Ranking?","Field Annotation"
ybocs10_cde_id,ybocs10_v10,,text,"CDE ID",,,,,,,,,,,,," @DEFAULT='ybocs10_v10' @HIDDEN"
ybocs10_camh_cde,ybocs10_v10,,descriptive,"This instrument was downloaded from the CAMH Common Data Elements Library. All fields have been institutionally standardized and should not be modified. Please direct any questions or concerns to <a href=""mailto:clinical.redcap@camh.ca"">clinical.redcap@camh.ca</a>

This field is @HIDDEN",,,,,,,,,,,,," @HIDDEN"
ybocs10_intro,ybocs10_v10,,descriptive,"<div class=""rich-text-field-label""><p><span style=""font-weight: normal;"">Questions 1 to 5 are about your obsessive thoughts</span><br /><br /><span style=""font-weight: normal;"">Obsessions are unwanted ideas, images or impulses that intrude on thinking against your wishes and efforts to resist them. They usually involve themes of harm, risk and danger. Common obsessions are excessive fears of contamination; recurring doubts about danger, extreme concern with order, symmetry, or exactness; fear of losing important things.</span><br /><br /><span style=""font-weight: normal;"">Please answer each questions by circling the appropriate number.</span></p></div>",,,,,,,,,,,,,
ybocs10_1,ybocs10_v10,,radio,"<div class=""rich-text-field-label""><p>1. TIME OCCUPIED BY OBESSIVE THOUGHTS</p> <p><br /><span style=""font-weight: normal;"">How much of your time is occupied by obsessive thoughts?</span></p></div>","0, 0 = none | 1, 1 = less than 1 hr/ day or occasional occurrence | 2, 2 = 1 to 3 hrs/day or frequent | 3, 3 = greater than 3 and up to 8 hrs/day or very frequent occurrence | 4, 4 = greater than 8 hrs/day or nearly constant occurrence",,,,,,,,LV,,,,"DS recoded"
ybocs10_2,ybocs10_v10,,radio,"<div class=""rich-text-field-label""><p>2. INTERFERENCE DUE TO OBSESSIVE THOUGHTS</p> <p><br /><span style=""font-weight: normal;"">How much do your obsessive thoughts interfere with your work, school, social, or other important role functioning? Is there anything that you don't do because of them?</span></p></div>","0, 0 = None | 1, 1 = Slight interference with social or other activities, but overall performance not impaired | 2, 2 = Definite interference with social or occupational performance, but still manageable | 3, 3 = Causes substantial impairment in social or occupational performance | 4, 4 = Incapacitating",,,,,,,,LV,,,,
ybocs10_3,ybocs10_v10,,radio,"<div class=""rich-text-field-label""><p>3. DISTRESS ASSOCAITED WITH OBESSIVE THOUGHTS<br /><br /><span style=""font-weight: normal;"">How much distress do your obsessive thoughts cause you?</span></p></div>","0, 0 = None | 1, 1 = Not too disturbing | 2, 2 = Disturbing, but still manageable | 3, 3 = Very disturbing | 4, 4 = Near constant and disabling distress",,,,,,,,LV,,,,
ybocs10_4,ybocs10_v10,,radio,"<div class=""rich-text-field-label""><p>4. RESISTANCE AGAINST OBSESSIONS<br /><br /><span style=""font-weight: normal;"">How much of an effort do you make to resist the obsessive thoughts? How often do you try to disregard or turn your attention away from these thoughts as they enter your mind?</span></p></div>","0, 0 = Try to resist all the time | 1, 1 = Try to resist most of the time | 2, 2 = Make some effort to resist | 3, 3 = Yield to all obsessions without attempting to control them, but with some reluctance | 4, 4 = Completely and willingly yield to all obsessions",,,,,,,,LV,,,,
ybocs10_5,ybocs10_v10,,radio,"<div class=""rich-text-field-label""><p>5. DEGREE OF CONTROL OVER OBSESSIVE THOUGHTS</p> <p><br /><span style=""font-weight: normal;"">How much control do you have over your obsessive thoughts? How successful are you in stopping or diverting your obsessive thinking? Can you dismiss them?</span></p></div>","0, 0 = Complete control | 1, 1 = Usually able to stop or divert obsessions with some effort and concentration | 2, 2 = Sometimes able to stop or divert obsessions | 3, 3 = Rarely successful in stopping or dismissing obsessions, can only divert attention with difficulty | 4, 4 = Obsessions are completing involuntary, rarely able to even momentarily alter obsessive thinking",,,,,,,,LV,,,,
ybocs10_intro2,ybocs10_v10,,descriptive,"<div class=""rich-text-field-label""><p><span style=""font-weight: normal;"">The next several questions are about your compulsive behaviors.</span><br /><span style=""font-weight: normal;"">Compulsions are urges that people have to do something to lessen feelings of anxiety or other discomfort. Often they do repetitive, purposeful, intentional behaviors called rituals. The behavior itself may seem appropriate but it becomes a ritual when done to excess. Washing, checking, repeating, straightening, hoarding and many other behaviors can be rituals. Some rituals are mental. For example, thinking or saying things over and over under your breath.</span></p></div>",,,,,,,,,,,,,
ybocs10_6,ybocs10_v10,,radio,"<div class=""rich-text-field-label""><p>6. TIME SPENT PERFORMING COMPULSIVE BEHAVIORS</p> <p><br /><span style=""font-weight: normal;"">How much time do you spend performing compulsive behaviors? How much longer than most people does it take to complete routine activities because of your rituals? How frequently do you do rituals?</span></p></div>","0, 0 = None | 1, 1 = Less than 1 hr/day or occasional performance of compulsive behaviors | 2, 2 = From 1 to 3 hrs/day, or frequent performance of compulsive behaviors | 3, 3 = More than 3 and up to 8 hrs/day, or very frequent performance of compulsive behaviors | 4, 4 = More than 8 hrs/day, or near constant performance of compulsive behaviors (too numerous to count)",,,,,,,,LV,,,,
ybocs10_7,ybocs10_v10,,radio,"<div class=""rich-text-field-label""><p>7. INTERFERENCE DUE TO COMPULSIVE BEHAVIORS</p> <p><br /><span style=""font-weight: normal;"">How much do your compulsive behaviors interfere with your work, school, social, or other important role functioning? Is there anything that you don't do because of the compulsions?</span></p></div>","0, 0 = None | 1, 1 = Slight interference with social or other activities, but overall performance not impaired | 2, 2 = Definite interference with social or occupational performance, but still manageable | 3, 3 = Causes substantial impairment in social or occupational performance | 4, 4 = Incapacitating",,,,,,,,LV,,,,
ybocs10_8,ybocs10_v10,,radio,"<div class=""rich-text-field-label""><p>8. DISTRESS ASSOCIATED WITH COMPULSIVE BEHAVIOR</p> <p><br /><span style=""font-weight: normal;"">How would you feel if prevented from performing your compulsion(s)? How anxious would you become?</span></p></div>","0, 0 = None | 1, 1 = Only slightly anxious if compulsions prevented | 2, 2 = Anxiety would mount but remain manageable if compulsions prevented | 3, 3 = Prominent and very disturbing increase in anxiety if compulsions interrupted | 4, 4 = Incapacitating anxiety from any intervention aimed at modifying activity",,,,,,,,LV,,,,
ybocs10_9,ybocs10_v10,,radio,"<div class=""rich-text-field-label""><p>9. RESISTANCE AGAINST COMPULSIONS<br /><br /><span style=""font-weight: normal;"">How much of an effort do you make to resist the compulsions?</span></p></div>","0, 0 = Always try to resist | 1, 1 = Try to resist most of the time | 2, 2 = Make some effort to resist | 3, 3 = Yield to almost all compulsions without attempting to control them, but with some reluctance | 4, 4 = Completely and willingly yield to all compulsions",,,,,,,,LV,,,,
ybocs10_10,ybocs10_v10,,radio,"<div class=""rich-text-field-label""><p>10. DEGREE OF CONTROL OVER COMPULSIVE BEHAVIOR</p> <p><span style=""font-weight: normal;"">How strong is the drive to perform the compulsive behavior? How much control do you have over the compulsions?</span></p></div>","0, 0 = Complete control | 1, 1 = Pressure to perform the behavior but usually able to exercise voluntary control over it | 2, 2 = Strong pressure to perform behavior, can control it only with difficulty | 3, 3 = Very strong drive to perform behavior, must be carried to completion, can only delay with difficulty | 4, 4 = Drive to perform behavior experienced as completely involuntary and overpowering, rarely able to even momentarily delay activity",,,,,,,,LV,,,,
ybocs10_total,ybocs10_v10,,calc,"YBOCS10 Total Score","[ybocs10_1] + [ybocs10_2] + [ybocs10_3] + [ybocs10_4] + [ybocs10_5] + [ybocs10_6] + [ybocs10_7] + [ybocs10_8] + [ybocs10_9] + [ybocs10_10]",,,,,,,,,,,," @HIDDEN-APP @HIDDEN-SURVEY"
