"Variable / Field Name","Form Name","Section Header","Field Type","Field Label","Choices, Calculations, OR Slider Labels","Field Note","Text Validation Type OR Show Slider Number","Text Validation Min","Text Validation Max",Identifier?,"Branching Logic (Show field only if...)","Required Field?","Custom Alignment","Question Number (surveys only)","Matrix Group Name","Matrix Ranking?","Field Annotation"
pcl5_cde_id,pcl5_v10,,text,"CDE ID",,,,,,,,,,,,," @DEFAULT='pcl5_v10' @HIDDEN"
pcl5_camh_cde,pcl5_v10,,descriptive,"This instrument was downloaded from the CAMH Common Data Elements Library. All fields have been institutionally standardized and should not be modified. Please direct any questions or concerns to <a href=""mailto:clinical.redcap@camh.ca"">clinical.redcap@camh.ca</a>

This field is @HIDDEN",,,,,,,,,,,,," @HIDDEN"
pcl5_intro,pcl5_v10,,descriptive,"<div class=""rich-text-field-label""><p>Instructions:<span style=""font-weight: normal;""> Below is a list of problems that people sometimes have in response to a very stressful experience. Please",,,,,,,,,,,,,
pcl5_1,pcl5_v10,,radio,"1. Repeated, disturbing, and unwanted memories of the stressful experience?","0, Not at all | 1, A little bit | 2, Moderately | 3, Quite a bit | 4, Extremely",,,,,,,y,LV,,,,
pcl5_2,pcl5_v10,,radio,"2. Repeated, disturbing dreams of the stressful experience?","0, Not at all | 1, A little bit | 2, Moderately | 3, Quite a bit | 4, Extremely",,,,,,,y,LV,,,,
pcl5_3,pcl5_v10,,radio,"3. Suddenly feeling or acting as if the stressful experience were actually happening again (as if you were actually back there reliving it)?","0, Not at all | 1, A little bit | 2, Moderately | 3, Quite a bit | 4, Extremely",,,,,,,y,LV,,,,
pcl5_4,pcl5_v10,,radio,"4. Feeling very upset when something reminded you of the stressful experience?","0, Not at all | 1, A little bit | 2, Moderately | 3, Quite a bit | 4, Extremely",,,,,,,y,LV,,,,
pcl5_5,pcl5_v10,,radio,"5. Having strong physical reactions when something reminded you of the stressful experience (for example, heart pounding, trouble breathing, sweating)?","0, Not at all | 1, A little bit | 2, Moderately | 3, Quite a bit | 4, Extremely",,,,,,,y,LV,,,,
pcl5_6,pcl5_v10,,radio,"6. Avoiding memories, thoughts, or feelings related to the stressful experience?","0, Not at all | 1, A little bit | 2, Moderately | 3, Quite a bit | 4, Extremely",,,,,,,y,LV,,,,
pcl5_7,pcl5_v10,,radio,"7. Avoiding external reminders of the stressful experience (for example, people, places, conversations, activities, objects, or situations)?","0, Not at all | 1, A little bit | 2, Moderately | 3, Quite a bit | 4, Extremely",,,,,,,y,LV,,,,
pcl5_8,pcl5_v10,,radio,"8. Trouble remembering important parts of the stressful experience?","0, Not at all | 1, A little bit | 2, Moderately | 3, Quite a bit | 4, Extremely",,,,,,,y,LV,,,,
pcl5_9,pcl5_v10,,radio,"9. Having strong negative beliefs about yourself, other people, or the world (for example, having thoughts such as: I am bad, there is something seriously wrong with me, no one can be trusted, the world is completely dangerous)?","0, Not at all | 1, A little bit | 2, Moderately | 3, Quite a bit | 4, Extremely",,,,,,,y,LV,,,,
pcl5_10,pcl5_v10,,radio,"10. Blaming yourself or someone else for the stressful experience or what happened after it?","0, Not at all | 1, A little bit | 2, Moderately | 3, Quite a bit | 4, Extremely",,,,,,,y,LV,,,,
pcl5_11,pcl5_v10,,radio,"11. Having strong negative feelings such as fear, horror, anger, guilt, or shame?","0, Not at all | 1, A little bit | 2, Moderately | 3, Quite a bit | 4, Extremely",,,,,,,y,LV,,,,
pcl5_12,pcl5_v10,,radio,"12. Loss of interest in activities that you used to enjoy?","0, Not at all | 1, A little bit | 2, Moderately | 3, Quite a bit | 4, Extremely",,,,,,,y,LV,,,,
pcl5_13,pcl5_v10,,radio,"13. Feeling distant or cut off from other people?","0, Not at all | 1, A little bit | 2, Moderately | 3, Quite a bit | 4, Extremely",,,,,,,y,LV,,,,
pcl5_14,pcl5_v10,,radio,"14. Trouble experiencing positive feelings (for example, being unable to feel happiness or have loving feelings for people close to you)?","0, Not at all | 1, A little bit | 2, Moderately | 3, Quite a bit | 4, Extremely",,,,,,,y,LV,,,,
pcl5_15,pcl5_v10,,radio,"15. Irritable behavior, angry outbursts, or acting aggressively?","0, Not at all | 1, A little bit | 2, Moderately | 3, Quite a bit | 4, Extremely",,,,,,,y,LV,,,,
pcl5_16,pcl5_v10,,radio,"16. Taking too many risks or doing things that could cause you harm?","0, Not at all | 1, A little bit | 2, Moderately | 3, Quite a bit | 4, Extremely",,,,,,,y,LV,,,,
pcl5_17,pcl5_v10,,radio,"17. Being ""superalert"" or watchful or on guard?","0, Not at all | 1, A little bit | 2, Moderately | 3, Quite a bit | 4, Extremely",,,,,,,y,LV,,,,
pcl5_18,pcl5_v10,,radio,"18. Feeling jumpy or easily startled?","0, Not at all | 1, A little bit | 2, Moderately | 3, Quite a bit | 4, Extremely",,,,,,,y,LV,,,,
pcl5_19,pcl5_v10,,radio,"19. Having difficulty concentrating?","0, Not at all | 1, A little bit | 2, Moderately | 3, Quite a bit | 4, Extremely",,,,,,,y,LV,,,,
pcl5_20,pcl5_v10,,radio,"20. Trouble falling or staying asleep?","0, Not at all | 1, A little bit | 2, Moderately | 3, Quite a bit | 4, Extremely",,,,,,,y,LV,,,,
pcl5_total,pcl5_v10,,calc,"PCL-5 Total","[pcl5_1] + [pcl5_2] + [pcl5_3] + [pcl5_4] + [pcl5_5] + [pcl5_6] + [pcl5_7] + [pcl5_8] + [pcl5_9] + [pcl5_10] + [pcl5_11] + [pcl5_12] + [pcl5_13] + [pcl5_14] + [pcl5_15] + [pcl5_16] + [pcl5_17] + [pcl5_18] + [pcl5_19] + [pcl5_20]",,,,,,,,,,,," @HIDDEN-SURVEY A total symptom severity score (range - 0-80) can be obtained by summing the scores for each of the 20 items.
DSM-5 symptom cluster severity scores can be obtained by summing the scores for the items within a given cluster, i.e., cluster B (items 1-5), cluster C (items 6-7), cluster D (items 8-14), and cluster E (items 15-20)."
