"Variable / Field Name","Form Name","Section Header","Field Type","Field Label","Choices, Calculations, OR Slider Labels","Field Note","Text Validation Type OR Show Slider Number","Text Validation Min","Text Validation Max",Identifier?,"Branching Logic (Show field only if...)","Required Field?","Custom Alignment","Question Number (surveys only)","Matrix Group Name","Matrix Ranking?","Field Annotation"
pcl5a_cde_id,pcl_5a_v10,,text,"CDE ID",,,,,,,,,,,,," @DEFAULT='pcl_5a_v10' @HIDDEN"
pcl5a_camh_cde,pcl_5a_v10,,descriptive,"This instrument was downloaded from the CAMH Common Data Elements Library. All fields have been institutionally standardized and should not be modified. Please direct any questions or concerns to <a href=""mailto:clinical.redcap@camh.ca"">clinical.redcap@camh.ca</a>

This field is @HIDDEN",,,,,,,,,,,,," @HIDDEN"
pcl5a_instructions,pcl_5a_v10,,descriptive,"Instructions: <span style=""font-weight:lighter"">This questionnaire asks about problems you may have had after a very stressful experience involving actual or threatened death, serious injury or sexual violence. It could be something that happened to you directly, something you witnessed, or something you learned happened to a close family member or a close fiend. Some examples are a serious accident; fire, disaster such as a hurricane, tornado, or earthquake; physical or sexual attack or abuse; war; homicide; or suicide.

First, please answer a few questions about your worst event, which for this questionnaire means the event that currently bothers you the most. This could be one of the examples above or some other very experience.  Also, it could be a single event (for example, a car crash) or multiple similar events (for example, multiple stressful events in a war-zone or repeated sexual abuse).</span>",,,,,,,,,,,,,
pcl5a_1,pcl_5a_v10,,notes,"Briefly identify the worst event (if you feel comfortable doing so):",,,,,,,,y,,,,,
pcl5a_2,pcl_5a_v10,,text,"How long ago did it happen? (please estimate if you are not sure):",,,,,,,,y,,,,,
pcl5a_3,pcl_5a_v10,,yesno,"Did it involve actual or threatened death, serious injury or sexual violence?",,,,,,,,y,,,,,
pcl5a_4,pcl_5a_v10,,checkbox,"How did you experience it?","1, It happened to me directly | 2, I witnessed it | 3, I learned about it happening to a close family member or close friend | 4, I was repeatedly exposed to details about  it as a part of my job (for example, paramedic, police, military, or other first responder) | 5, Other",,,,,,,y,,,,,
pcl5a_4_other,pcl_5a_v10,,text,"If Other, please describe:",,,,,,,"[pcl5a_4(5)] = '1'",y,,,,,
pcl5a_5,pcl_5a_v10,,checkbox,"If the event involved the death of a close family member or close friend, was it due to some kind of accident or violence, or was it due to natural causes?","1, Accident or violence | 2, Natural causes | 3, Not applicable (the event did not involve the death of a close family member or close friend)",,,,,,,y,,,,,
pcl5a_datetime,pcl_5a_v10,,text,"Date and time submitted:",,,datetime_seconds_dmy,,,,,,,,,," @HIDDEN-SURVEY"
