"Variable / Field Name","Form Name","Section Header","Field Type","Field Label","Choices, Calculations, OR Slider Labels","Field Note","Text Validation Type OR Show Slider Number","Text Validation Min","Text Validation Max",Identifier?,"Branching Logic (Show field only if...)","Required Field?","Custom Alignment","Question Number (surveys only)","Matrix Group Name","Matrix Ranking?","Field Annotation"
lec5_cde_id,lec5_v10,,text,"CDE ID",,,,,,,,,,,,," @DEFAULT='lec5_v10' @HIDDEN"
lec5_camh_cde,lec5_v10,,descriptive,"This instrument was downloaded from the CAMH Common Data Elements Library. All fields have been institutionally standardized and should not be modified. Please direct any questions or concerns to <a href=""mailto:clinical.redcap@camh.ca"">clinical.redcap@camh.ca</a>

This field is @HIDDEN",,,,,,,,,,,,," @HIDDEN"
lec5_instructions,lec5_v10,,descriptive,"<span style=""font-weight:lighter"">Listed below are a number of difficult or stressful things that sometimes happen to people. For each event check one or more of the boxes to the right to indicate that: (a) <u><i>it happened to you</i></u> personally, (b) you <u><i>witnessed it</i></u> happen to someone else, (c) you <u><i>learned about it</i></u> happening to someone close to you, (d) you're <u><i>not sure</i></u> if it fits, or (e) it <u><i>doesn't apply</i></u> to you. 

Be sure to consider your <u><i>entire life</i></u> (growing up as well as adulthood) as you go through the list of events.</span?",,,,,,,,,,,,,
lec5_1,lec5_v10,,checkbox,"1. Natural disaster (for example, flood, hurricane, tornado, earthquake)","1, Happened to me | 2, Witnessed it | 3, Learned about it | 4, Not sure | 5, Doesn't apply",,,,,,,y,,,lec5_group_1,,
lec5_2,lec5_v10,,checkbox,"2. Fire or explosion","1, Happened to me | 2, Witnessed it | 3, Learned about it | 4, Not sure | 5, Doesn't apply",,,,,,,y,,,lec5_group_1,,
lec5_3,lec5_v10,,checkbox,"3. Transportation accident (for example, car accident, boat accident, train wreck, plane crash)","1, Happened to me | 2, Witnessed it | 3, Learned about it | 4, Not sure | 5, Doesn't apply",,,,,,,y,,,lec5_group_1,,
lec5_4,lec5_v10,,checkbox,"4. Serious accident at work, home, or during recreational activity","1, Happened to me | 2, Witnessed it | 3, Learned about it | 4, Not sure | 5, Doesn't apply",,,,,,,y,,,lec5_group_1,,
lec5_5,lec5_v10,,checkbox,"5. Exposure to toxic substance (for example, dangerous chemicals, radiation)","1, Happened to me | 2, Witnessed it | 3, Learned about it | 4, Not sure | 5, Doesn't apply",,,,,,,y,,,lec5_group_1,,
lec5_6,lec5_v10,,checkbox,"6. Physical assault (for example, being attacked, hit, slapped, kicked, beaten up)","1, Happened to me | 2, Witnessed it | 3, Learned about it | 4, Not sure | 5, Doesn't apply",,,,,,,y,,,lec5_group_1,,
lec5_7,lec5_v10,,checkbox,"7. Assault with a weapon (for example, being","1, Happened to me | 2, Witnessed it | 3, Learned about it | 4, Not sure | 5, Doesn't apply",,,,,,,y,,,lec5_group_2,,
lec5_8,lec5_v10,,checkbox,"8. Sexual assault (rape, attempted rape, made to perform any type of sexual act through force or threat of harm)","1, Happened to me | 2, Witnessed it | 3, Learned about it | 4, Not sure | 5, Doesn't apply",,,,,,,y,,,lec5_group_2,,
lec5_9,lec5_v10,,checkbox,"9. Other unwanted or uncomfortable sexual experience","1, Happened to me | 2, Witnessed it | 3, Learned about it | 4, Not sure | 5, Doesn't apply",,,,,,,y,,,lec5_group_2,,
lec5_10,lec5_v10,,checkbox,"10. Combat or exposure to a war-zone (in the military or as a civilian)","1, Happened to me | 2, Witnessed it | 3, Learned about it | 4, Not sure | 5, Doesn't apply",,,,,,,y,,,lec5_group_2,,
lec5_11,lec5_v10,,checkbox,"11. Captivity (for example, being kidnapped, abducted, held hostage, prisoner of war)","1, Happened to me | 2, Witnessed it | 3, Learned about it | 4, Not sure | 5, Doesn't apply",,,,,,,y,,,lec5_group_2,,
lec5_12,lec5_v10,,checkbox,"12. Life-threatening illness or injury","1, Happened to me | 2, Witnessed it | 3, Learned about it | 4, Not sure | 5, Doesn't apply",,,,,,,y,,,lec5_group_2,,
lec5_13,lec5_v10,,checkbox,"13. Severe human suffering","1, Happened to me | 2, Witnessed it | 3, Learned about it | 4, Not sure | 5, Doesn't apply",,,,,,,y,,,lec5_group_3,,
lec5_14,lec5_v10,,checkbox,"14. Sudden, violent death (for example, homicide, suicide)","1, Happened to me | 2, Witnessed it | 3, Learned about it | 4, Not sure | 5, Doesn't apply",,,,,,,y,,,lec5_group_3,,
lec5_15,lec5_v10,,checkbox,"15. Sudden, unexpected death of someone close to you","1, Happened to me | 2, Witnessed it | 3, Learned about it | 4, Not sure | 5, Doesn't apply",,,,,,,y,,,lec5_group_3,,
lec5_16,lec5_v10,,checkbox,"16. Serious injury, harm, or death you caused to someone else","1, Happened to me | 2, Witnessed it | 3, Learned about it | 4, Not sure | 5, Doesn't apply",,,,,,,y,,,lec5_group_3,,
lec5_17,lec5_v10,,checkbox,"17. Any other very stressful event or experience","1, Happened to me | 2, Witnessed it | 3, Learned about it | 4, Not sure | 5, Doesn't apply",,,,,,,y,,,lec5_group_3,,
