"Variable / Field Name","Form Name","Section Header","Field Type","Field Label","Choices, Calculations, OR Slider Labels","Field Note","Text Validation Type OR Show Slider Number","Text Validation Min","Text Validation Max",Identifier?,"Branching Logic (Show field only if...)","Required Field?","Custom Alignment","Question Number (surveys only)","Matrix Group Name","Matrix Ranking?","Field Annotation"
fallso_cde_id,fallso_v10,,text,"CDE ID",,,,,,,,,,,,," @DEFAULT='fallso_v10' @HIDDEN"
fallso_camh_cde,fallso_v10,,descriptive,"This instrument was downloaded from the CAMH Common Data Elements Library. All fields have been institutionally standardized and should not be modified. Please direct any questions or concerns to <a href=""mailto:clinical.redcap@camh.ca"">clinical.redcap@camh.ca</a>

This field is @HIDDEN",,,,,,,,,,,,," @HIDDEN"
fallso_001,fallso_v10,"Please answer the following questions to help us understand any potential falls risk.",yesno,"Are you steady on your feet?",,,,,,,,,LV,,,,
fallso_002,fallso_v10,,yesno,"Are you able to walk independently?",,,,,,,,,LV,,,,
fallso_003,fallso_v10,,yesno,"Have you had any falls in the past 3 months?",,,,,,,,,LV,,,,
fallso_003y,fallso_v10,,text,"How many?",,,integer,1,,,"[fallso_003] = '1'",y,LV,,,,
fallso_004,fallso_v10,,yesno,"Do you walk with a gait aid (mobility device)?",,,,,,,,,LV,,,,
