"Variable / Field Name","Form Name","Section Header","Field Type","Field Label","Choices, Calculations, OR Slider Labels","Field Note","Text Validation Type OR Show Slider Number","Text Validation Min","Text Validation Max",Identifier?,"Branching Logic (Show field only if...)","Required Field?","Custom Alignment","Question Number (surveys only)","Matrix Group Name","Matrix Ranking?","Field Annotation"
pdsssr_cde_id,pdss_sr_v10,,text,"CDE ID",,,,,,,,,,,,," @DEFAULT='pdss_sr_v10' @HIDDEN"
pdsssr_camh_cde,pdss_sr_v10,,descriptive,"This instrument was downloaded from the CAMH Common Data Elements Library. All fields have been institutionally standardized and should not be modified. Please direct any questions or concerns to <a href=""mailto:clinical.redcap@camh.ca"">clinical.redcap@camh.ca</a>

This field is @HIDDEN",,,,,,,,,,,,," @HIDDEN"
pdsssr_intro,pdss_sr_v10,,descriptive,"<p>Several of the following questions refer to panic attacks and limited symptom attacks. For this questionnaire we define a panic attack as a <u>sudden rush</u> of fear or discomfort accompanied <u>by at least 4 of the symptoms listed below</u>. In order to qualify as a sudden rush, the symptoms must peak within 10 minutes.<br /><br />Episodes like panic attacks but having fewer than 4 of the listed symptoms are called limited symptom attacks.<br /><br />Here are the symptoms to count:</p> <table style=""width: 100%; border-collapse: collapse;"" border=""0""> <tbody> <tr style=""height: 18px;""> <td style=""width: 146px; height: 18px;""> <ul> <li><span style=""font-weight: normal;"">Rapid or pounding heartbeat</span></li> <li><span style=""font-weight: normal;"">Sweating</span></li> <li><span style=""font-weight: normal;"">Trembling or shaking</span></li> <li><span style=""font-weight: normal;"">Breathlessness</span></li> <li><span style=""font-weight: normal;"">Feeling of choking</span></li> </ul> </td> <td style=""width: 140px; height: 18px;""> <ul> <li><span style=""font-weight: normal;"">Chest pain or discomfort</span></li> <li><span style=""font-weight: normal;"">Nausea</span></li> <li><span style=""font-weight: normal;"">Dizziness or faintness</span></li> <li><span style=""font-weight: normal;"">Feelings of unreality</span></li> <li><span style=""font-weight: normal;"">Numbness or tingling</span></li> </ul> </td> <td style=""width: 141px; height: 18px;""> <ul> <li><span style=""font-weight: normal;"">Chills or hot flushes</span></li> <li><span style=""font-weight: normal;"">Fear of losing control or going crazy</span></li> <li><span style=""font-weight: normal;"">Fear of dying</span></li> </ul> </td> </tr> </tbody> </table>",,,,,,,,,,,,,
pdsssr_1,pdss_sr_v10," ",radio,"1. How many panic and limited symptoms attacks did you have during the week?","0, No panic or limited symptom episodes | 1, Mild: no full panic attacks and no more than 1 limited symptom attack/day | 2, Moderate: 1 or 2 full panic attacks and/or multiple limited symptom attacks/day | 3, Severe: more than 2 full attacks but not more than 1/day on average | 4, Extreme: full panic attacks occurred more than once a day, more days than not",,,,,,,,LV,,,,
pdsssr_2,pdss_sr_v10,,radio,"2. If you had any panic attacks during the past week, how distressing (uncomfortable, frightening) were they <u>while they were happening</u>? 

(If you had more than one, give an average rating. If you didn't have any panic attacks but did have limited symptom attacks, answer for the limited symptom attacks.)","0, Not at all distressing, or no panic or limited symptom attacks during the past week | 1, Mildly distressing (not too intense) | 2, Moderately distressing (intense, but still manageable) | 3, Severely distressing (very intense) | 4, Extremely distressing (extreme distress during all attacks)",,,,,,,,LV,,,,
pdsssr_3,pdss_sr_v10,,radio,"3. During the past week, how much have you worried or felt anxious <u>about when your next panic attack would occur or about fears related to the attacks</u> (for example, that they could mean you have physical or mental health problems or could cause you social embarrassment)?","0, Not at all | 1, Occasionally or only mildly | 2, Frequently or moderately | 3, Very often or to a very disturbing degree | 4, Nearly constantly and to a disabling extent",,,,,,,,LV,,,,
pdsssr_4,pdss_sr_v10,,radio,"4. During the past week were there any <u>places or situations</u> (e.g., public transportation, movie theaters, crowds, bridges, tunnels, shopping malls, being alone) you avoided, or felt afraid of (uncomfortable in, wanted to avoid or leave), <u>because of fear of having a panic attack</u>? Are there any other situations that you would have avoided or been afraid of if they had come up during the week, for the same reason? 

If yes to either question, please rate your level of fear and avoidance this past week.","0, None: no fear or avoidance | 1, Mild: occasional fear and/or avoidance but I could usually confront or endure the situation. There was little or no modification of my lifestyle due to this. | 2, Moderate: noticeable fear and/or avoidance but still manageable. I avoided some situations, but I could confront them with a companion. There was some modification of my lifestyle because of this, but my overall functioning was not impaired. | 3, Severe: extensive avoidance. Substantial modification of my lifestyle was required to accommodate the avoidance making it difficult to manage usual activities. | 4, Extreme: pervasive disabling fear and/or avoidance. Extensive modification in my lifestyle was required such that important tasks were not performed.",,,,,,,,LV,,,,
pdsssr_5,pdss_sr_v10,,radio,"5. During the past week, were there any <u>activities</u> (e.g., physical exertion, sexual relations, taking a hot shower or bath, drinking coffee, watching an exciting or scary movie) that you avoided, or felt afraid of (uncomfortable doing, wanted to avoid or stop), <u>because they caused physical sensations like those you feel during panic attacks or that you were afraid might trigger a panic attack</u>? 

Are there any other activities that you would have avoided or been afraid of if they had come up during the week for that reason? 

If yes to either question, please rate your level of fear and avoidance of those activities this past week.","0, No fear or avoidance of situations or activities because of distressing physical sensations | 1, Mild: occasional fear and/or avoidance, but usually I could confront or endure with little distress activities that cause physical sensations. There was little modification of my lifestyle due to this. | 2, Moderate: noticeable avoidance but still manageable. There was definite, but limited, modification of my lifestyle such that my overall functioning was not impaired. | 3, Severe: extensive avoidance. There was substantial modification of my lifestyle or interference in my functioning. | 4, Extreme: pervasive and disabling avoidance. There was extensive modification in my lifestyle due to this such that important tasks or activities were not performed.",,,,,,,,LV,,,,
pdsssr_6,pdss_sr_v10,,radio,"6. During the past week, how much did the above symptoms altogether (panic and limited symptom attacks, worry about attacks, and fear of situations and activities because of attacks) interfere with your <u>ability to work or carry out your responsibilities at home</u>? 

If your work or home responsibilities were less than usual this past week, answer how you think you would have done if the responsibilities had been usual.","0, No interference with work or home responsibilities | 1, Slight interference with work or home responsibilities, but I could do nearly everything I could if I didn't have these problems. | 2, Significant interference with work or home responsibilities, but I still could manage to do the things I needed to do. | 3, Substantial impairment in work or home responsibilities; there were many important things I couldn't do because of these problems. | 4, Extreme, incapacitating impairment such that I was essentially unable to manage any work or home responsibilities.",,,,,,,,LV,,,,
pdsssr_7,pdss_sr_v10,,radio,"7. During the past week, how much did panic and limited symptom attacks, worry about attacks and fear of situations and activities because of attacks interfere with your <u>social life</u>? 

If you didn't have many opportunities to socialize this past week, answer how you think you would have done if you did have opportunities.","0, No interference | 1, Slight interference with social activities, but I could do nearly everything I could if I didn't have these problems. | 2, Significant interference with social activities but I could manage to do most things if I made the effort. | 3, Substantial impairment in social activities; there are many social things I couldn't do because of these problems. | 4, Extreme, incapacitating impairment, such that there was hardly anything social I could do.",,,,,,,,LV,,,,
pdsssr_raw,pdss_sr_v10,,calc,"Panic Disorder Severity Scale - Self Report Raw Score","sum([pdsssr_1], [pdsssr_2], [pdsssr_3], [pdsssr_4], [pdsssr_5], [pdsssr_6], [pdsssr_7])",,,,,,,,,,,," @HIDDEN"
pdsssr_composite,pdss_sr_v10,,calc,"Panic Disorder Severity Scale - Self Report Composite Score","round(mean([pdsssr_1], [pdsssr_2], [pdsssr_3], [pdsssr_4], [pdsssr_5], [pdsssr_6], [pdsssr_7]),2)",,,,,,,,,,,," @HIDDEN"
