"Variable / Field Name","Form Name","Section Header","Field Type","Field Label","Choices, Calculations, OR Slider Labels","Field Note","Text Validation Type OR Show Slider Number","Text Validation Min","Text Validation Max",Identifier?,"Branching Logic (Show field only if...)","Required Field?","Custom Alignment","Question Number (surveys only)","Matrix Group Name","Matrix Ranking?","Field Annotation"
spin_cde_id,spin_v10,,text,"CDE ID",,,,,,,,,,,,," @DEFAULT='spin_v10' @HIDDEN"
spin_camh_cde_2,spin_v10,,descriptive,"This instrument was downloaded from the CAMH Common Data Elements Library. All fields have been institutionally standardized and should not be modified. Please direct any questions or concerns to <a href=""mailto:clinical.redcap@camh.ca"">clinical.redcap@camh.ca</a>

This field is @HIDDEN",,,,,,,,,,,,," @HIDDEN"
spin_intro,spin_v10,,descriptive,"<div class=""rich-text-field-label""><p><span style=""font-weight: normal;"">The Social Phobia Inventory (abbreviated as SPIN) is a 17-item questionnaire developed by the Psychiatry and Behavioral Sciences Department at Duke University. It is effective in screening for, and measuring the severity of social anxiety disorder.</span><br /><br /><span style=""font-weight: normal;"">Please read each statement and select the response that indicates how much the statement applied to you </span>over the past week<span style=""font-weight: normal;"">.</span></p></div>",,,,,,,,,,,,,
spin_01,spin_v10,,radio,"1. I am afraid of people in authority.","1, Not At All | 2, A Little Bit | 3, Somewhat | 4, Very Much | 5, Extremely",,,,,,,,LV,,,,
spin_02,spin_v10,,radio,"2. I am bothered by blushing in front of people.","1, Not At All | 2, A Little Bit | 3, Somewhat | 4, Very Much | 5, Extremely",,,,,,,,LV,,,,
spin_03,spin_v10,,radio,"3. Parties and social events scare me.","1, Not At All | 2, A Little Bit | 3, Somewhat | 4, Very Much | 5, Extremely",,,,,,,,LV,,,,
spin_04,spin_v10,,radio,"4. I avoid talking to people I don't know.","1, Not At All | 2, A Little Bit | 3, Somewhat | 4, Very Much | 5, Extremely",,,,,,,,LV,,,,
spin_05,spin_v10,,radio,"5. Being criticized scares me a lot.","1, Not At All | 2, A Little Bit | 3, Somewhat | 4, Very Much | 5, Extremely",,,,,,,,LV,,,,
spin_06,spin_v10,,radio,"6. I avoid doing things or speaking to people for fear of embarrassment.","1, Not At All | 2, A Little Bit | 3, Somewhat | 4, Very Much | 5, Extremely",,,,,,,,LV,,,,
spin_07,spin_v10,,radio,"7. Sweating in front of people causes me distress.","1, Not At All | 2, A Little Bit | 3, Somewhat | 4, Very Much | 5, Extremely",,,,,,,,LV,,,,
spin_08,spin_v10,,radio,"8. I avoid going to parties.","1, Not At All | 2, A Little Bit | 3, Somewhat | 4, Very Much | 5, Extremely",,,,,,,,LV,,,,
spin_09,spin_v10,,radio,"9. I avoid activities in which I am the center of attention.","1, Not At All | 2, A Little Bit | 3, Somewhat | 4, Very Much | 5, Extremely",,,,,,,,LV,,,,
spin_10,spin_v10,,radio,"10. Talking to strangers scares me.","1, Not At All | 2, A Little Bit | 3, Somewhat | 4, Very Much | 5, Extremely",,,,,,,,LV,,,,
spin_11,spin_v10,,radio,"11. I avoid having to give speeches.","1, Not At All | 2, A Little Bit | 3, Somewhat | 4, Very Much | 5, Extremely",,,,,,,,LV,,,,
spin_12,spin_v10,,radio,"12. I would do anything to avoid being criticized.","1, Not At All | 2, A Little Bit | 3, Somewhat | 4, Very Much | 5, Extremely",,,,,,,,LV,,,,
spin_13,spin_v10,,radio,"13. Heart palpitations bother me when I am around people.","1, Not At All | 2, A Little Bit | 3, Somewhat | 4, Very Much | 5, Extremely",,,,,,,,LV,,,,
spin_14,spin_v10,,radio,"14. I am afraid of doing things when people might be watching.","1, Not At All | 2, A Little Bit | 3, Somewhat | 4, Very Much | 5, Extremely",,,,,,,,LV,,,,
spin_15,spin_v10,,radio,"15. Being embarrassed or looking stupid are among my worst fears.","1, Not At All | 2, A Little Bit | 3, Somewhat | 4, Very Much | 5, Extremely",,,,,,,,LV,,,,
spin_16,spin_v10,,radio,"16. I avoid speaking to anyone in authority.","1, Not At All | 2, A Little Bit | 3, Somewhat | 4, Very Much | 5, Extremely",,,,,,,,LV,,,,
spin_17,spin_v10,,radio,"17. Trembling or shaking in front of others is distressing to me.","1, Not At All | 2, A Little Bit | 3, Somewhat | 4, Very Much | 5, Extremely",,,,,,,,LV,,,,
spin_score,spin_v10,,calc,"Total Score:","[spin_01] + [spin_02] + [spin_03] + [spin_04] + [spin_05] + [spin_06] + [spin_07] + [spin_08] + [spin_09] + [spin_10] + [spin_11] + [spin_12] + [spin_13] + [spin_14] + [spin_15] + [spin_16] + [spin_17]",,,,,,,,,,,," @HIDDEN-APP @HIDDEN-SURVEY"
