"Variable / Field Name","Form Name","Section Header","Field Type","Field Label","Choices, Calculations, OR Slider Labels","Field Note","Text Validation Type OR Show Slider Number","Text Validation Min","Text Validation Max",Identifier?,"Branching Logic (Show field only if...)","Required Field?","Custom Alignment","Question Number (surveys only)","Matrix Group Name","Matrix Ranking?","Field Annotation"
ptgi_cde_id,ptgi_v10,,text,"CDE ID",,,,,,,,,,,,," @DEFAULT='ptgi_v10' @HIDDEN"
ptgi_camh_cde,ptgi_v10,,descriptive,"<div style=""border:1px solid black; padding:5px"">This instrument was downloaded from the CAMH Common Data Elements Library. All fields have been institutionally standardized and should not be modified. Please direct any questions or concerns to <a href=""mailto:clinical.redcap@camh.ca"">clinical.redcap@camh.ca</a>

This field is @HIDDEN</div>",,,,,,,,,,,,," @HIDDEN"
ptgi_datestamp,ptgi_v10,,text,"Date stamp",,,date_ymd,,,,,,,,,," @TODAY @HIDDEN-SURVEY"
ptgi_intro,ptgi_v10," ",descriptive,"<div class=""rich-text-field-label""><p style=""text-align: left;""><span style=""font-weight: normal;"">Indicate for each of the statements below the degree to which this change occurred in your life as a result of the crisis/disaster, using the following scale.</span></p> <p style=""text-align: left; padding-left: 40px;""><span style=""font-weight: normal;"">0 = I did not experience this change as a result of my crisis.</span><br /><span style=""font-weight: normal;"">1 = I experienced this change to a very small degree as a result of my crisis.</span><br /><span style=""font-weight: normal;"">2 = I experienced this change to a small degree as a result of my crisis.</span><br /><span style=""font-weight: normal;"">3 = I experienced this change to a moderate degree as a result of my crisis.</span><br /><span style=""font-weight: normal;"">4 = I experienced this change to a great degree as a result of my crisis.</span><br /><span style=""font-weight: normal;"">5 = I experienced this change to a very great degree as a result of my crisis.</span></p></div>",,,,,,,,,,,,,
ptgi_001,ptgi_v10," Possible Areas of Growth and Change",radio,"I changed my priorities about what is important in life.","1, 1 | 2, 2 | 3, 3 | 4, 4 | 5, 5",,,,,,,y,,,ptgi_m1,,
ptgi_002,ptgi_v10,,radio,"I have a greater appreciation for the value of my own life","1, 1 | 2, 2 | 3, 3 | 4, 4 | 5, 5",,,,,,,y,,,ptgi_m1,,
ptgi_003,ptgi_v10,,radio,"I developed new interests","1, 1 | 2, 2 | 3, 3 | 4, 4 | 5, 5",,,,,,,y,,,ptgi_m1,,
ptgi_004,ptgi_v10,,radio,"I have a greater feeling of self-reliance","1, 1 | 2, 2 | 3, 3 | 4, 4 | 5, 5",,,,,,,y,,,ptgi_m1,,
ptgi_005,ptgi_v10,,radio,"I have a better understanding of spiritual matters","1, 1 | 2, 2 | 3, 3 | 4, 4 | 5, 5",,,,,,,y,,,ptgi_m1,,
ptgi_006,ptgi_v10,,radio,"I more clearly see that I can count on people in times of trouble","1, 1 | 2, 2 | 3, 3 | 4, 4 | 5, 5",,,,,,,y,,,ptgi_m1,,
ptgi_007,ptgi_v10,,radio,"I established a new path for my life","1, 1 | 2, 2 | 3, 3 | 4, 4 | 5, 5",,,,,,,y,,,ptgi_m1,,
ptgi_008,ptgi_v10,,radio,"I have a greater sense of closeness with others","1, 1 | 2, 2 | 3, 3 | 4, 4 | 5, 5",,,,,,,y,,,ptgi_m1,,
ptgi_009,ptgi_v10,,radio,"I am more willing to express my emotions","1, 1 | 2, 2 | 3, 3 | 4, 4 | 5, 5",,,,,,,y,,,ptgi_m1,,
ptgi_010,ptgi_v10,,radio,"I know better that I can handle difficulties","1, 1 | 2, 2 | 3, 3 | 4, 4 | 5, 5",,,,,,,y,,,ptgi_m1,,
ptgi_011,ptgi_v10,,radio,"I am able to do better things with my life","1, 1 | 2, 2 | 3, 3 | 4, 4 | 5, 5",,,,,,,y,,,ptgi_m1,,
ptgi_012,ptgi_v10,,radio,"I am better able to accept the way things work out","1, 1 | 2, 2 | 3, 3 | 4, 4 | 5, 5",,,,,,,y,,,ptgi_m1,,
ptgi_013,ptgi_v10,,radio,"I can better appreciate each day","1, 1 | 2, 2 | 3, 3 | 4, 4 | 5, 5",,,,,,,y,,,ptgi_m1,,
ptgi_014,ptgi_v10,,radio,"New opportunities are available which wouldn't have been otherwise","1, 1 | 2, 2 | 3, 3 | 4, 4 | 5, 5",,,,,,,y,,,ptgi_m1,,
ptgi_015,ptgi_v10,,radio,"I have more compassion for others","1, 1 | 2, 2 | 3, 3 | 4, 4 | 5, 5",,,,,,,y,,,ptgi_m1,,
ptgi_016,ptgi_v10,,radio,"I put more effort into my relationships","1, 1 | 2, 2 | 3, 3 | 4, 4 | 5, 5",,,,,,,y,,,ptgi_m1,,
ptgi_017,ptgi_v10,,radio,"I am more likely to try to change things which need changing","1, 1 | 2, 2 | 3, 3 | 4, 4 | 5, 5",,,,,,,y,,,ptgi_m1,,
ptgi_018,ptgi_v10,,radio,"I have a stronger religious faith","1, 1 | 2, 2 | 3, 3 | 4, 4 | 5, 5",,,,,,,y,,,ptgi_m1,,
ptgi_019,ptgi_v10,,radio,"I discovered that I'm stronger than I thought I was","1, 1 | 2, 2 | 3, 3 | 4, 4 | 5, 5",,,,,,,y,,,ptgi_m1,,
ptgi_020,ptgi_v10,,radio,"I learned a great deal about how wonderful people are","1, 1 | 2, 2 | 3, 3 | 4, 4 | 5, 5",,,,,,,y,,,ptgi_m1,,
ptgi_021,ptgi_v10,,radio,"I better accept needing others","1, 1 | 2, 2 | 3, 3 | 4, 4 | 5, 5",,,,,,,y,,,ptgi_m1,,
ptgi_score_f1,ptgi_v10,,calc,"Factor I: Relating to Others","[ptgi_006] + [ptgi_008] + [ptgi_009] + [ptgi_015] + [ptgi_016] + [ptgi_020] + [ptgi_021]",,,,,,,,,,,," @HIDDEN-SURVEY"
ptgi_score_f2,ptgi_v10,,calc,"Factor 2: New Possibilities
","[ptgi_003] + [ptgi_007] + [ptgi_011] + [ptgi_014] + [ptgi_017]",,,,,,,,,,,," @HIDDEN-SURVEY"
ptgi_score_f3,ptgi_v10,,calc,"Factor 3: Personal Strength
","[ptgi_004] + [ptgi_010] + [ptgi_012] + [ptgi_019]",,,,,,,,,,,," @HIDDEN-SURVEY"
ptgi_score_f4,ptgi_v10,,calc,"Factor 4: Spiritual Change
","[ptgi_005] + [ptgi_018]",,,,,,,,,,,," @HIDDEN-SURVEY"
ptgi_score_f5,ptgi_v10,,calc,"Factor 5: Appreciation of Life","[ptgi_001] + [ptgi_002] + [ptgi_013]",,,,,,,,,,,," @HIDDEN-SURVEY"
pgti_total_score,ptgi_v10,,calc,"PTGI Total score","[ptgi_001] + [ptgi_002] + [ptgi_003] + [ptgi_004] + [ptgi_005] + [ptgi_006] + [ptgi_007] + [ptgi_008] + [ptgi_009] + [ptgi_010] + [ptgi_011] + [ptgi_012] + [ptgi_013] + [ptgi_014] + [ptgi_015] + [ptgi_016] + [ptgi_017] + [ptgi_018] + [ptgi_019] + [ptgi_020] + [ptgi_021]",,,,,,,,,,,," @HIDDEN-SURVEY"
