"Variable / Field Name","Form Name","Section Header","Field Type","Field Label","Choices, Calculations, OR Slider Labels","Field Note","Text Validation Type OR Show Slider Number","Text Validation Min","Text Validation Max",Identifier?,"Branching Logic (Show field only if...)","Required Field?","Custom Alignment","Question Number (surveys only)","Matrix Group Name","Matrix Ranking?","Field Annotation"
auditc_cde_id,auditc_v11,,text,"CDE ID",,,,,,,,,,,,," @DEFAULT='auditc_v11' @HIDDEN"
auditc_camh_cde,auditc_v11,,descriptive,"This instrument was downloaded from the CAMH Common Data Elements Library. All fields have been institutionally standardized and should not be modified. Please direct any questions or concerns to <a href=""mailto:clinical.redcap@camh.ca"">clinical.redcap@camh.ca</a>

This field is @HIDDEN",,,,,,,,,,,,," @HIDDEN"
auditc_1,auditc_v11,,radio,"<div class=""rich-text-field-label""><p>How often did you have a drink containing alcohol?","0, Never | 1, Monthly or less | 2, 2  to 4 times a month | 3, 2 to 3 times a week | 4, 4 or more times a week",,,,,,,y,LV,,,,
auditc_2,auditc_v11,,radio,"How many drinks containing alcohol do you have on a typical day when you were drinking?","0, 1 or 2 | 1, 3 or 4 | 2, 5 or 6 | 3, 7, 8, 9 | 4, 10 or more",,,,,,,y,LV,,,,
auditc_3,auditc_v11,,radio,"How often did you have five or more drinks on one occasion in the past year?","0, Never | 1, Less than monthly | 2, Monthly | 3, Weekly | 4, Daily or almost daily",,,,,,,y,LV,,,,
auditc_total,auditc_v11,,calc,"Total Score","sum([auditc_1], [auditc_2], [auditc_3])",,,,,,,,LV,,,,
