"Variable / Field Name","Form Name","Section Header","Field Type","Field Label","Choices, Calculations, OR Slider Labels","Field Note","Text Validation Type OR Show Slider Number","Text Validation Min","Text Validation Max",Identifier?,"Branching Logic (Show field only if...)","Required Field?","Custom Alignment","Question Number (surveys only)","Matrix Group Name","Matrix Ranking?","Field Annotation"
pss_cde_id,pss_v10,,text,"CDE ID",,,,,,,,,,,,," @DEFAULT='pss_v10' @HIDDEN"
pass_camh_cde,pss_v10,,descriptive,"<div style=""border:1px solid black; padding:5px"">This instrument was downloaded from the CAMH Common Data Elements Library. All fields have been institutionally standardized and should not be modified. Please direct any questions or concerns to <a href=""mailto:clinical.redcap@camh.ca"">clinical.redcap@camh.ca</a>

This field is @HIDDEN</div>",,,,,,,,,,,,," @HIDDEN"
pss_intro,pss_v10,,descriptive,"<p><span style=""font-weight: normal;"">The questions in this scale ask you about your feelings and thoughts </span>during the last week<span style=""font-weight: normal;"">. In each case, you will be asked to indicate by selecting <em>how often</em> you felt or thought a certain way.</span></p> ",,,,,,,,,,,,,
pss_001,pss_v10,,radio,"1. In the last week, how often have you been upset because of something that happened unexpectedly?","0, Never | 1, Almost Never | 2, Sometimes | 3, Fairly Often | 4, Very Often",,,,,,,y,LV,,,,
pss_002,pss_v10,,radio,"2. In the last week, how often have you felt that you were unable to control the important things in your life?","0, Never | 1, Almost Never | 2, Sometimes | 3, Fairly Often | 4, Very Often",,,,,,,y,LV,,,,
pss_003,pss_v10,,radio,"3. In the last week, how often have you felt nervous and ""stressed""?","0, Never | 1, Almost Never | 2, Sometimes | 3, Fairly Often | 4, Very Often",,,,,,,y,LV,,,,
pss_004,pss_v10,,radio,"4. In the last week, how often have you felt confident about your ability to handle your personal problems?","0, Never | 1, Almost Never | 2, Sometimes | 3, Fairly Often | 4, Very Often",,,,,,,y,LV,,,,
pss_005,pss_v10,,radio,"5. In the last week, how often have you felt that things were going your way?","0, Never | 1, Almost Never | 2, Sometimes | 3, Fairly Often | 4, Very Often",,,,,,,y,LV,,,,
pss_006,pss_v10,,radio,"6. In the last week, how often have you found that you could not cope with all the things that you had to do?","0, Never | 1, Almost Never | 2, Sometimes | 3, Fairly Often | 4, Very Often",,,,,,,y,LV,,,,
pss_007,pss_v10,,radio,"7. In the last week, how often have you been able to control irritations in your life?","0, Never | 1, Almost Never | 2, Sometimes | 3, Fairly Often | 4, Very Often",,,,,,,y,LV,,,,
pss_008,pss_v10,,radio,"8. In the last week, how often have you felt that you were on top of things?","0, Never | 1, Almost Never | 2, Sometimes | 3, Fairly Often | 4, Very Often",,,,,,,y,LV,,,,
pss_009,pss_v10,,radio,"9. In the last week, how often have you been angered because of things that were outside of your control?","0, Never | 1, Almost Never | 2, Sometimes | 3, Fairly Often | 4, Very Often",,,,,,,y,LV,,,,
pss_010,pss_v10,,radio,"10. In the last week, how often have you felt difficulties were piling up so high that you could not overcome them?","0, Never | 1, Almost Never | 2, Sometimes | 3, Fairly Often | 4, Very Often",,,,,,,y,LV,,,,
pss_total_score,pss_v10,,calc,"Total Score","[pss_001] + [pss_002] + [pss_003] + (4-[pss_004]) + (4-[pss_005]) + [pss_006] + (4-[pss_007]) + (4-[pss_008]) + [pss_009] + [pss_010]",,,,,,,,,,,,
pss_low_score,pss_v10,,descriptive,"<div class=""green""><center>Low Stress</center></div>",,,,,,,[pss_total_score]<=13,,,,,,
pss_mid_score,pss_v10,,descriptive,"<div class=""yellow""><center>Moderate Stress</center></div>",,,,,,,"[pss_total_score]>=14 and [pss_total_score]<=26",,,,,,
pss_high_score,pss_v10,,descriptive,"<div class=""red""><center>High Perceived Stress</center></div>",,,,,,,[pss_total_score]>=27,,,,,,
pss_outro,pss_v10,,descriptive,"<div class=""rich-text-field-label""><p><span style=""font-weight: normal;"">The Perceived Stress Scale is interesting and important because your perception of what is happening in your life is most important. Consider the idea that two individuals could have the exact same events and experiences in their lives for the past month. Depending on their perception, total score could put one of those individuals in the low stress category and the total score could put the second person in the high stress category.</span></p></div>",,,,,,,,,,,,,
pss_disclaim,pss_v10,,descriptive,"<span style=""font-size: smaller; font-weight: normal;""><em>Disclaimer: The scores on the following self-assessment do not reflect any particular diagnosis or course of treatment. They are meant as a tool to help assess your level of stress. If you have any further concerns about your current well being, you may contact EAP and talk confidentially to one of your specialists. </em></span>",,,,,,,,,,,,,
