Variable / Field Name,Form Name,Section Header,Field Type,Field Label,"Choices, Calculations, OR Slider Labels",Field Note,Text Validation Type OR Show Slider Number,Text Validation Min,Text Validation Max,Identifier?,Branching Logic (Show field only if...),Required Field?,Custom Alignment,Question Number (surveys only),Matrix Group Name,Matrix Ranking?,Field Annotation
auditc_cde_id,auditc_v10,,text,CDE ID,,,,,,,,,,,,, @DEFAULT='auditc_v10' @HIDDEN
auditc_camh_cde,auditc_v10,,descriptive,"This instrument was downloaded from the CAMH Common Data Elements Library. All fields have been institutionally standardized and should not be modified. Please direct any questions or concerns to <a href=""mailto:clinical.redcap@camh.ca"">clinical.redcap@camh.ca</a>

This field is @HIDDEN",,,,,,,,,,,,, @HIDDEN
auditc_1,auditc_v10,,radio,"<div class=""rich-text-field-label""><p>How often did you have a drink containing alcohol in the past year? <br /><br /><span style=""font-weight: normal;"">Consider a ""drink"" to be a can or bottle of beer, a glass of wine, a wine cooler, or one cocktail or a shot of hard liquor (like scotch, gin, or vodka).</span></p></div>","0, Never | 1, Monthly or less | 2, 2  to 4 times a month | 3, 2 to 3 times a week | 4, 4 to 5 times a week | 5, 6 or more times a week",,,,,,,y,LV,,,,
auditc_2,auditc_v10,,radio,How many drinks did you have on a typical day when you were drinking in the past year? ,"-1, 0 drinks | 0, 1 to 2 drinks | 1, 3 to 4 drinks | 2, 5 to 6 drinks | 3, 7 to 9 drinks | 4, 10 or more drinks",,,,,,,y,LV,,,,
auditc_3,auditc_v10,,radio,How often did you have 6 or more drinks on one occasion in the past year?,"0, Never | 1, Less than monthly | 2, Monthly | 3, Weekly | 4, Daily or almost daily",,,,,,,y,LV,,,,
auditc_1_adjusted,auditc_v10,,calc,Item 1 Adjusted,"if(([auditc_1]=5), 4, [auditc_1])","Adjusts [auditc_1] ""5"" value to 4 to match scoring guidelines",,,,,,,LV,,,, @HIDDEN
auditc_2_adjusted,auditc_v10,,calc,Item 2 Adjusted,"if(([auditc_2]=-1), 0, [auditc_2])","Adjusts [auditc_2] ""-1"" value to 0 to match scoring guidelines",,,,,,,LV,,,, @HIDDEN
auditc_total,auditc_v10,,calc,Total Score,"sum([auditc_1_adjusted], [auditc_2_adjusted], [auditc_3])",,,,,,,,LV,,,,
