"Variable / Field Name","Form Name","Section Header","Field Type","Field Label","Choices, Calculations, OR Slider Labels","Field Note","Text Validation Type OR Show Slider Number","Text Validation Min","Text Validation Max",Identifier?,"Branching Logic (Show field only if...)","Required Field?","Custom Alignment","Question Number (surveys only)","Matrix Group Name","Matrix Ranking?","Field Annotation"
spq_cde_id,spq_v10,,text,"CDE ID",,,,,,,,,,,,," @DEFAULT='spq_v10' @HIDDEN"
spq_camh_cde,spq_v10,,descriptive,"This instrument was downloaded from the CAMH Common Data Elements Library. All fields have been institutionally standardized and should not be modified. Please direct any questions or concerns to <a href=""mailto:clinical.redcap@camh.ca"">clinical.redcap@camh.ca</a>

This field is @HIDDEN",,,,,,,,,,,,," @HIDDEN"
spq_intro,spq_v10,,descriptive,"Below are 45 different situations that people may fear or avoid. For some people, the fear and avoidance occurs frequently enough to cause them interference in their daily lives. This questionnaire has two parts: 1.For each of the 45 situations please indicate how fearful you are of each situation. Please use the following scale as a guide. ",,,,,,,,,,,,,
spq_intro2,spq_v10,,descriptive,"2. For each of the 45 situations please indicate how much you fear interferes with your life (i.e. work, social life, family, hobbies, etc.). Please use the following scale as a guide. ",,,,,,,,,,,,,
spq_1_f,spq_v10,"High open spaces",radio,Fear,"0, None | 1, Mild | 2, Moderate | 3, Severe | 4, Extreme",,,,,,,y,,,spq_1,,
spq_1_li,spq_v10,,radio,"Life interference","0, None | 1, Mild | 2, Moderate | 3, Severe | 4, Extreme",,,,,,,y,,,spq_1,,
spq_2_f,spq_v10,"The dark",radio,Fear,"0, None | 1, Mild | 2, Moderate | 3, Severe | 4, Extreme",,,,,,,y,,,spq_2,,
spq_2_li,spq_v10,,radio,"Life interference","0, None | 1, Mild | 2, Moderate | 3, Severe | 4, Extreme",,,,,,,y,,,spq_2,,
spq_3_f,spq_v10,Birds,radio,Fear,"0, None | 1, Mild | 2, Moderate | 3, Severe | 4, Extreme",,,,,,,y,,,spq_3,,
spq_3_li,spq_v10,,radio,"Life interference","0, None | 1, Mild | 2, Moderate | 3, Severe | 4, Extreme",,,,,,,y,,,spq_3,,
spq_4_f,spq_v10,Tunnels,radio,Fear,"0, None | 1, Mild | 2, Moderate | 3, Severe | 4, Extreme",,,,,,,y,,,spq_4,,
spq_4_li,spq_v10,,radio,"Life interference","0, None | 1, Mild | 2, Moderate | 3, Severe | 4, Extreme",,,,,,,y,,,spq_4,,
spq_5_f,spq_v10,"Watching someone else get an injection",radio,Fear,"0, None | 1, Mild | 2, Moderate | 3, Severe | 4, Extreme",,,,,,,y,,,spq_5,,
spq_5_li,spq_v10,,radio,"Life interference","0, None | 1, Mild | 2, Moderate | 3, Severe | 4, Extreme",,,,,,,y,,,spq_5,,
spq_6_f,spq_v10,Cats,radio,Fear,"0, None | 1, Mild | 2, Moderate | 3, Severe | 4, Extreme",,,,,,,y,,,spq_6,,
spq_6_li,spq_v10,,radio,"Life interference","0, None | 1, Mild | 2, Moderate | 3, Severe | 4, Extreme",,,,,,,y,,,spq_6,,
spq_7_f,spq_v10,"Driving on highways",radio,Fear,"0, None | 1, Mild | 2, Moderate | 3, Severe | 4, Extreme",,,,,,,y,,,spq_7,,
spq_7_li,spq_v10,,radio,"Life interference","0, None | 1, Mild | 2, Moderate | 3, Severe | 4, Extreme",,,,,,,y,,,spq_7,,
spq_8_f,spq_v10,Dogs,radio,Fear,"0, None | 1, Mild | 2, Moderate | 3, Severe | 4, Extreme",,,,,,,y,,,spq_8,,
spq_8_li,spq_v10,,radio,"Life interference","0, None | 1, Mild | 2, Moderate | 3, Severe | 4, Extreme",,,,,,,y,,,spq_8,,
spq_9_f,spq_v10,"Getting minor surgery",radio,Fear,"0, None | 1, Mild | 2, Moderate | 3, Severe | 4, Extreme",,,,,,,y,,,spq_9,,
spq_9_li,spq_v10,,radio,"Life interference","0, None | 1, Mild | 2, Moderate | 3, Severe | 4, Extreme",,,,,,,y,,,spq_9,,
spq_10_f,spq_v10,"Watching someone else getting stitches",radio,Fear,"0, None | 1, Mild | 2, Moderate | 3, Severe | 4, Extreme",,,,,,,y,,,spq_10,,
spq_10_li,spq_v10,,radio,"Life interference","0, None | 1, Mild | 2, Moderate | 3, Severe | 4, Extreme",,,,,,,y,,,spq_10,,
spq_11_f,spq_v10,"Bees or wasps",radio,Fear,"0, None | 1, Mild | 2, Moderate | 3, Severe | 4, Extreme",,,,,,,y,,,spq_11,,
spq_11_li,spq_v10,,radio,"Life interference","0, None | 1, Mild | 2, Moderate | 3, Severe | 4, Extreme",,,,,,,y,,,spq_11,,
spq_12_f,spq_v10,Choking,radio,Fear,"0, None | 1, Mild | 2, Moderate | 3, Severe | 4, Extreme",,,,,,,y,,,spq_12,,
spq_12_li,spq_v10,,radio,"Life interference","0, None | 1, Mild | 2, Moderate | 3, Severe | 4, Extreme",,,,,,,y,,,spq_12,,
spq_13_f,spq_v10,"Standing on a ladder",radio,Fear,"0, None | 1, Mild | 2, Moderate | 3, Severe | 4, Extreme",,,,,,,y,,,spq_13,,
spq_13_li,spq_v10,,radio,"Life interference","0, None | 1, Mild | 2, Moderate | 3, Severe | 4, Extreme",,,,,,,y,,,spq_13,,
spq_14_f,spq_v10,"Swimming in a swimming pool",radio,Fear,"0, None | 1, Mild | 2, Moderate | 3, Severe | 4, Extreme",,,,,,,y,,,spq_14,,
spq_14_li,spq_v10,,radio,"Life interference","0, None | 1, Mild | 2, Moderate | 3, Severe | 4, Extreme",,,,,,,y,,,spq_14,,
spq_15_f,spq_v10,"Visiting a hospital",radio,Fear,"0, None | 1, Mild | 2, Moderate | 3, Severe | 4, Extreme",,,,,,,y,,,spq_15,,
spq_15_li,spq_v10,,radio,"Life interference","0, None | 1, Mild | 2, Moderate | 3, Severe | 4, Extreme",,,,,,,y,,,spq_15,,
spq_16_f,spq_v10,"Enclosed spaces",radio,Fear,"0, None | 1, Mild | 2, Moderate | 3, Severe | 4, Extreme",,,,,,,y,,,spq_16,,
spq_16_li,spq_v10,,radio,"Life interference","0, None | 1, Mild | 2, Moderate | 3, Severe | 4, Extreme",,,,,,,y,,,spq_16,,
spq_17_f,spq_v10,"Giving blood",radio,Fear,"0, None | 1, Mild | 2, Moderate | 3, Severe | 4, Extreme",,,,,,,y,,,spq_17,,
spq_17_li,spq_v10,,radio,"Life interference","0, None | 1, Mild | 2, Moderate | 3, Severe | 4, Extreme",,,,,,,y,,,spq_17,,
spq_18_f,spq_v10,"Having your blood pressure taken",radio,Fear,"0, None | 1, Mild | 2, Moderate | 3, Severe | 4, Extreme",,,,,,,y,,,spq_18,,
spq_18_li,spq_v10,,radio,"Life interference","0, None | 1, Mild | 2, Moderate | 3, Severe | 4, Extreme",,,,,,,y,,,spq_18,,
spq_19_f,spq_v10,"Visiting the dentist",radio,Fear,"0, None | 1, Mild | 2, Moderate | 3, Severe | 4, Extreme",,,,,,,y,,,spq_19,,
spq_19_li,spq_v10,,radio,"Life interference","0, None | 1, Mild | 2, Moderate | 3, Severe | 4, Extreme",,,,,,,y,,,spq_19,,
spq_20_f,spq_v10,"Vomiting ",radio,Fear,"0, None | 1, Mild | 2, Moderate | 3, Severe | 4, Extreme",,,,,,,y,,,spq_20,,
spq_20_li,spq_v10,,radio,"Life interference","0, None | 1, Mild | 2, Moderate | 3, Severe | 4, Extreme",,,,,,,y,,,spq_20,,
spq_21_f,spq_v10,"Watching someone else give blood",radio,Fear,"0, None | 1, Mild | 2, Moderate | 3, Severe | 4, Extreme",,,,,,,y,,,spq_21,,
spq_21_li,spq_v10,,radio,"Life interference","0, None | 1, Mild | 2, Moderate | 3, Severe | 4, Extreme",,,,,,,y,,,spq_21,,
spq_22_f,spq_v10,"Flying in an airplane",radio,Fear,"0, None | 1, Mild | 2, Moderate | 3, Severe | 4, Extreme",,,,,,,y,,,spq_22,,
spq_22_li,spq_v10,,radio,"Life interference","0, None | 1, Mild | 2, Moderate | 3, Severe | 4, Extreme",,,,,,,y,,,spq_22,,
spq_23_f,spq_v10,"Swimming in a lake or ocean",radio,Fear,"0, None | 1, Mild | 2, Moderate | 3, Severe | 4, Extreme",,,,,,,y,,,spq_23,,
spq_23_li,spq_v10,,radio,"Life interference","0, None | 1, Mild | 2, Moderate | 3, Severe | 4, Extreme",,,,,,,y,,,spq_23,,
spq_24_f,spq_v10,"Watching surgery on television",radio,Fear,"0, None | 1, Mild | 2, Moderate | 3, Severe | 4, Extreme",,,,,,,y,,,spq_24,,
spq_24_li,spq_v10,,radio,"Life interference","0, None | 1, Mild | 2, Moderate | 3, Severe | 4, Extreme",,,,,,,y,,,spq_24,,
spq_25_f,spq_v10,"Attending to someone else's cut",radio,Fear,"0, None | 1, Mild | 2, Moderate | 3, Severe | 4, Extreme",,,,,,,y,,,spq_25,,
spq_25_li,spq_v10,,radio,"Life interference","0, None | 1, Mild | 2, Moderate | 3, Severe | 4, Extreme",,,,,,,y,,,spq_25,,
spq_26_f,spq_v10,"Driving in bad weather",radio,Fear,"0, None | 1, Mild | 2, Moderate | 3, Severe | 4, Extreme",,,,,,,y,,,spq_26,,
spq_26_li,spq_v10,,radio,"Life interference","0, None | 1, Mild | 2, Moderate | 3, Severe | 4, Extreme",,,,,,,y,,,spq_26,,
spq_27_f,spq_v10,"Looking out the window on the top floor of a tall building",radio,Fear,"0, None | 1, Mild | 2, Moderate | 3, Severe | 4, Extreme",,,,,,,y,,,spq_27,,
spq_27_li,spq_v10,,radio,"Life interference","0, None | 1, Mild | 2, Moderate | 3, Severe | 4, Extreme",,,,,,,y,,,spq_27,,
spq_28_f,spq_v10,"Attending to your own cut",radio,Fear,"0, None | 1, Mild | 2, Moderate | 3, Severe | 4, Extreme",,,,,,,y,,,spq_28,,
spq_28_li,spq_v10,,radio,"Life interference","0, None | 1, Mild | 2, Moderate | 3, Severe | 4, Extreme",,,,,,,y,,,spq_28,,
spq_29_f,spq_v10,Elevators,radio,Fear,"0, None | 1, Mild | 2, Moderate | 3, Severe | 4, Extreme",,,,,,,y,,,spq_29,,
spq_29_li,spq_v10,,radio,"Life interference","0, None | 1, Mild | 2, Moderate | 3, Severe | 4, Extreme",,,,,,,y,,,spq_29,,
spq_30_f,spq_v10,"Moths or butterflies",radio,Fear,"0, None | 1, Mild | 2, Moderate | 3, Severe | 4, Extreme",,,,,,,y,,,spq_30,,
spq_30_li,spq_v10,,radio,"LIfe interference","0, None | 1, Mild | 2, Moderate | 3, Severe | 4, Extreme",,,,,,,y,,,spq_30,,
spq_31_f,spq_v10,"Rodents (e.g., mice, rats)",radio,Fear,"0, None | 1, Mild | 2, Moderate | 3, Severe | 4, Extreme",,,,,,,y,,,spq_31,,
spq_31_li,spq_v10,,radio,"Life interference","0, None | 1, Mild | 2, Moderate | 3, Severe | 4, Extreme",,,,,,,y,,,spq_31,,
spq_32_f,spq_v10,"Boating in deep water",radio,Fear,"0, None | 1, Mild | 2, Moderate | 3, Severe | 4, Extreme",,,,,,,y,,,spq_32,,
spq_32_li,spq_v10,,radio,"Life interference","0, None | 1, Mild | 2, Moderate | 3, Severe | 4, Extreme",,,,,,,y,,,spq_32,,
spq_33_f,spq_v10,"Thunder and lightning ",radio,Fear,"0, None | 1, Mild | 2, Moderate | 3, Severe | 4, Extreme",,,,,,,y,,,spq_33,,
spq_33_li,spq_v10,,radio,"Life interference","0, None | 1, Mild | 2, Moderate | 3, Severe | 4, Extreme",,,,,,,y,,,spq_33,,
spq_34_f,spq_v10,"Driving in new places",radio,Fear,"0, None | 1, Mild | 2, Moderate | 3, Severe | 4, Extreme",,,,,,,y,,,spq_34,,
spq_34_li,spq_v10,,radio,"Life interference","0, None | 1, Mild | 2, Moderate | 3, Severe | 4, Extreme",,,,,,,y,,,spq_34,,
spq_35_f,spq_v10,"Receiving an injection",radio,Fear,"0, None | 1, Mild | 2, Moderate | 3, Severe | 4, Extreme",,,,,,,y,,,spq_35,,
spq_35_li,spq_v10,,radio,"Life interference","0, None | 1, Mild | 2, Moderate | 3, Severe | 4, Extreme",,,,,,,y,,,spq_35,,
spq_36_f,spq_v10,Snakes,radio,Fear,"0, None | 1, Mild | 2, Moderate | 3, Severe | 4, Extreme",,,,,,,y,,,spq_36,,
spq_36_li,spq_v10,,radio,"Life interference","0, None | 1, Mild | 2, Moderate | 3, Severe | 4, Extreme",,,,,,,y,,,spq_36,,
spq_37_f,spq_v10,"Bugs ",radio,Fear,"0, None | 1, Mild | 2, Moderate | 3, Severe | 4, Extreme",,,,,,,y,,,spq_37,,
spq_37_li,spq_v10,,radio,"Life interference","0, None | 1, Mild | 2, Moderate | 3, Severe | 4, Extreme",,,,,,,y,,,spq_37,,
spq_38_f,spq_v10,"Heavy rain",radio,Fear,"0, None | 1, Mild | 2, Moderate | 3, Severe | 4, Extreme",,,,,,,y,,,spq_38,,
spq_38_li,spq_v10,,radio,"Life interference","0, None | 1, Mild | 2, Moderate | 3, Severe | 4, Extreme",,,,,,,y,,,spq_38,,
spq_39_f,spq_v10,Worms,radio,Fear,"0, None | 1, Mild | 2, Moderate | 3, Severe | 4, Extreme",,,,,,,y,,,spq_39,,
spq_39_li,spq_v10,,radio,"Life interference","0, None | 1, Mild | 2, Moderate | 3, Severe | 4, Extreme",,,,,,,y,,,spq_39,,
spq_40_f,spq_v10,Bridges,radio,Fear,"0, None | 1, Mild | 2, Moderate | 3, Severe | 4, Extreme",,,,,,,y,,,spq_40,,
spq_40_li,spq_v10,,radio,"Life interference","0, None | 1, Mild | 2, Moderate | 3, Severe | 4, Extreme",,,,,,,y,,,spq_40,,
spq_41_f,spq_v10,"Developing an illness",radio,Fear,"0, None | 1, Mild | 2, Moderate | 3, Severe | 4, Extreme",,,,,,,y,,,spq_41,,
spq_41_li,spq_v10,,radio,"Life interference","0, None | 1, Mild | 2, Moderate | 3, Severe | 4, Extreme",,,,,,,y,,,spq_41,,
spq_42_f,spq_v10,"Blood tests",radio,Fear,"0, None | 1, Mild | 2, Moderate | 3, Severe | 4, Extreme",,,,,,,y,,,spq_42,,
spq_42_li,spq_v10,,radio,"Life interference","0, None | 1, Mild | 2, Moderate | 3, Severe | 4, Extreme",,,,,,,y,,,spq_42,,
spq_43_f,spq_v10,Spiders,radio,Fear,"0, None | 1, Mild | 2, Moderate | 3, Severe | 4, Extreme",,,,,,,y,,,spq_43,,
spq_43_li,spq_v10,,radio,"Life interference","0, None | 1, Mild | 2, Moderate | 3, Severe | 4, Extreme",,,,,,,y,,,spq_43,,
spq_44_other1,spq_v10,,text,Other:,,,,,,,,,,,,,
spq_44_f,spq_v10,"Other specified above",radio,Fear,"0, None | 1, Mild | 2, Moderate | 3, Severe | 4, Extreme",,,,,,,,,,spq_44,,
spq_44_li,spq_v10,,radio,"Life interference","0, None | 1, Mild | 2, Moderate | 3, Severe | 4, Extreme",,,,,,,,,,spq_44,,
spq_45_other2,spq_v10,,text,Other,,,,,,,,,,,,,
spq_45_f,spq_v10,"Other specified above",radio,Fear,"0, None | 1, Mild | 2, Moderate | 3, Severe | 4, Extreme",,,,,,,,,,spq_45,,
spq_45_li,spq_v10,,radio,"Life interference","0, None | 1, Mild | 2, Moderate | 3, Severe | 4, Extreme",,,,,,,,,,spq_45,,
spq_fear_total,spq_v10,,calc,"SPQ Fear Total Score:","sum([spq_1_f],  [spq_2_f],  [spq_3_f],  [spq_4_f],  [spq_5_f],  [spq_6_f],  [spq_7_f],  [spq_8_f],  [spq_9_f],  [spq_10_f],  [spq_11_f],  [spq_12_f],  [spq_13_f],  [spq_14_f],  [spq_15_f],  [spq_16_f],  [spq_17_f],  [spq_18_f],  [spq_19_f],  [spq_20_f],  [spq_21_f],  [spq_22_f],  [spq_23_f],  [spq_24_f],  [spq_25_f],  [spq_26_f],  [spq_27_f],  [spq_28_f],  [spq_29_f],  [spq_30_f],  [spq_31_f],  [spq_32_f],  [spq_33_f],  [spq_34_f],  [spq_35_f],  [spq_36_f],  [spq_37_f],  [spq_38_f],  [spq_39_f],  [spq_40_f],  [spq_41_f],  [spq_42_f],  [spq_43_f],  [spq_44_f],  [spq_45_f] )",,,,,,,,,,,," @HIDDEN-SURVEY"
spq_interference_total,spq_v10,,calc,"SPQ Life Interference Total Score:","sum([spq_1_li],  [spq_2_li],  [spq_3_li],  [spq_4_li],  [spq_5_li],  [spq_6_li],  [spq_7_li],  [spq_8_li],  [spq_9_li],  [spq_10_li],  [spq_11_li],  [spq_12_li],  [spq_13_li],  [spq_14_li],  [spq_15_li],  [spq_16_li],  [spq_17_li],  [spq_18_li],  [spq_19_li],  [spq_20_li],  [spq_21_li],  [spq_22_li],  [spq_23_li],  [spq_24_li],  [spq_25_li],  [spq_26_li],  [spq_27_li],  [spq_28_li],  [spq_29_li],  [spq_30_li],  [spq_31_li],  [spq_32_li],  [spq_33_li],  [spq_34_li],  [spq_35_li],  [spq_36_li],  [spq_37_li],  [spq_38_li],  [spq_39_li],  [spq_40_li],  [spq_41_li],  [spq_42_li],  [spq_43_li],  [spq_44_li],  [spq_45_li] )",,,,,,,,,,,," @HIDDEN-SURVEY"
spq_fear_total_animals,spq_v10,,calc,"SPQ Fear Animals:","sum([spq_3_f], [spq_6_f], [spq_8_f], [spq_11_f], [spq_30_f], [spq_31_f], [spq_36_f], [spq_37_f], [spq_39_f], [spq_43_f])",,,,,,,,,,,," @HIDDEN-SURVEY"
spq_fear_total_nenvironment,spq_v10,,calc,"SPQ Fear Natural environment:","sum([spq_1_f], [spq_2_f], [spq_13_f], [spq_14_f], [spq_23_f], [spq_27_f], [spq_32_f], [spq_33_f], [spq_38_f])",,,,,,,,,,,," @HIDDEN-SURVEY"
spq_fear_total_situational,spq_v10,,calc,"SPQ Fear Situational:","sum([spq_4_f], [spq_7_f], [spq_16_f], [spq_22_f], [spq_26_f], [spq_29_f], [spq_34_f], [spq_40_f])",,,,,,,,,,,," @HIDDEN-SURVEY"
spq_fear_total_bloodetc,spq_v10,,calc,"SPQ Fear Blood/Injection/Injury:","sum([spq_5_f], [spq_9_f], [spq_10_f], [spq_15_f], [spq_17_f], [spq_18_f], [spq_19_f], [spq_21_f], [spq_24_f], [spq_25_f], [spq_28_f], [spq_35_f], [spq_41_f], [spq_42_f])",,,,,,,,,,,," @HIDDEN-SURVEY"
spq_fear_total_other,spq_v10,,calc,"SPQ Fear Other:","sum([spq_12_f], [spq_20_f])",,,,,,,,,,,," @HIDDEN-SURVEY"
