﻿"Variable / Field Name","Form Name","Section Header","Field Type","Field Label","Choices, Calculations, OR Slider Labels","Field Note","Text Validation Type OR Show Slider Number","Text Validation Min","Text Validation Max",Identifier?,"Branching Logic (Show field only if...)","Required Field?","Custom Alignment","Question Number (surveys only)","Matrix Group Name","Matrix Ranking?","Field Annotation"
dart_cde_id,dart_v10,,text,"CDE ID",,,,,,,,,,,,," @DEFAULT='dart_v10' @HIDDEN"
dart_camh_cde,dart_v10,,descriptive,"This instrument was downloaded from the CAMH Common Data Elements Library. All fields have been institutionally standardized and should not be modified. Please direct any questions or concerns to <a href=""mailto:clinical.redcap@camh.ca"">clinical.redcap@camh.ca</a>

This field is @HIDDEN",,,,,,,,,,,,," @HIDDEN"
dart_001a,dart_v10,"Please answer each item below. When selecting your response, please note the time frame asked in each question (e.g., <u>currently</u> versus <u>ever</u>).",yesno,"<div class=""rich-text-field-label""><p>Have you <u>ever</u> been bothered by significant low and depressed mood that persisted for most of the day, nearly every day, for at <em>least 2 weeks</em> in a row?</p></div>",,,,,,,,y,LV,,,,
dart_001b,dart_v10,,yesno,"<div class=""rich-text-field-label""><p>Have you <u>ever</u> noticed a sharp decline in your enjoyment of, or interest in, activities that persisted for most of the day, nearly every day, for at <em>least 2 weeks</em> in a row?</p></div>",,,,,,,,y,LV,,,,
dart_001c,dart_v10,,yesno,"<div class=""rich-text-field-label""><p>Over the <u>past 2 years</u>, have you been bothered by significant low mood that persisted for most of the day, more days than not?</p></div>",,,,,,,,y,LV,,,,
dart_002,dart_v10,,yesno,"<div class=""rich-text-field-label""><p>Have you <u>ever</u> had a panic attack, where you experienced an abrupt rush of physical symptoms or extreme fear that reached a peak within minutes?</p></div>",,,,,,,,y,LV,,,,
dart_003,dart_v10,,yesno,"<div class=""rich-text-field-label""><p>Do you <u>currently</u> fear or avoid any situations because you might not be able to escape or get help if you were to have panic, incapacitating, or embarrassing symptoms?</p></div>",,,,,,,,y,LV,,,,
dart_004,dart_v10,,yesno,"<u>Currently</u>, are you excessively anxious and worried about multiple areas of your life (e.g., work, school, relationships, your health)? ",,,,,,,,y,LV,,,,
dart_005,dart_v10,,yesno,"<div class=""rich-text-field-label""><p>Do you <u>currently</u> experience a lot of anxiety or fear in social situations (e.g., going to parties, talking on the phone, participating in meetings)?</p></div>",,,,,,,,y,LV,,,,
dart_006,dart_v10,,yesno,"<div class=""rich-text-field-label""><p>Do you <u>currently</u> have any excessive fears or phobias (e.g., dogs, heights, flying, vomiting) that bother you or cause a lot of distress or interference in your life on a regular basis?</p></div>",,,,,,,,y,LV,,,,
dart_007a,dart_v10,,yesno,"<div class=""rich-text-field-label""><p>Do you <u>currently</u> have frequent, repetitive thoughts, urges, or images that are unwanted or intrusive and cause you significant anxiety or distress (e.g., doubts about whether you've done things properly, thoughts about being dirty or contaminated, or unwanted disturbing images or thoughts)?</p></div>",,,,,,,,y,LV,,,,
dart_007b,dart_v10,,yesno,"<div class=""rich-text-field-label""><p>Do you <u>currently</u> engage in any repetitive behaviours (e.g., checking, cleaning) or mental rituals (e.g., repeating phrases) that you can't resist doing and that are in response to upsetting thoughts or because of rules that you must follow?</p></div>",,,,,,,,y,LV,,,,
dart_008a,dart_v10,,yesno,"<u>At any time in your life</u>, have you been exposed to or experienced a traumatic event such as sexual or physical assault or abuse, a serious accident, natural disaster, war, or learning that someone that you're close to has experienced one of these events? ",,,,,,,,y,LV,,,,
dart_008b,dart_v10,,yesno,"IF YES: In the <u>past month</u>, have you repeatedly re-experienced this event in the form of upsetting memories or dreams, feeling or acting as though the event is happening again, or becoming emotionally or physically upset when reminded of the event? ",,,,,,,"[dart_008a] = '1'",y,LV,,,,
dart_009a,dart_v10,,yesno,"<div class=""rich-text-field-label""><p>Has there <u>ever</u> been a period of time when you were consuming alcohol excessively and your drinking caused you problems or was upsetting for you?</p></div>",,,,,,,,y,LV,,,,
dart_009b,dart_v10,,radio,"IF YES: Please specify your period of problematic drinking:","1, Current (in the past year) | 2, Past (over 1 year ago)",,,,,,"[dart_009a] = '1'",y,LV,,,,
dart_010a,dart_v10,,yesno,"<div class=""rich-text-field-label""><p>Has there <u>ever </u>been a period of time when you were using recreational drugs or medication to get high or to change how you were feeling and your use of drugs caused you problems or was upsetting for you?</p></div>",,,,,,,,y,LV,,,,
dart_010b,dart_v10,,radio,"IF YES: Please specify your period of substance use:","1, Current (in the past year) | 2, Past (over 1 year ago)",,,,,,"[dart_010a] = '1'",y,LV,,,,
dart_011,dart_v10,,yesno,"<u>Currently</u>, are you excessively preoccupied with having or developing a serious illness to the point that it causes you a lot of distress or interference in your life (e.g., multiple visits to the doctor or fear to seek medical attention)? ",,,,,,,,y,LV,,,,
dart_012,dart_v10,,yesno,"Have you ever experienced abnormally elevated mood (e.g., feeling very high, hyper, excitable), or excessively irritable mood, that lasted most of the day, for several days?",,,,,,,,y,LV,,,,
dart_013,dart_v10,,descriptive,"<u>In the past 6 months, have you been convinced that:</u>",,,,,,,,y,,,,,
dart_013a,dart_v10,,yesno,"a) People were spying on you, plotting against you, or going out of their way to harm or harass you?",,,,,,,,y,LV,,,,
dart_013b,dart_v10,,yesno,"b) You were being sent special messages (e.g., from TV, songs that you've heard, things that you've read)?",,,,,,,,y,LV,,,,
dart_013c,dart_v10,,yesno,"c) Someone else could read your mind or hear your thoughts, or have you felt that you could read another person's mind or hear their thoughts?",,,,,,,,y,LV,,,,
dart_013d,dart_v10,,yesno,"d) You had special powers or that you could do things that most people could not do?",,,,,,,,y,LV,,,,
dart_013e,dart_v10,,yesno,"e) You might be someone who is famous or powerful?",,,,,,,,y,LV,,,,
dart_013f,dart_v10,,yesno,"f) There is something very wrong with your bodily functions or sensations, or the way your body looks?",,,,,,,,y,LV,,,,
dart_013g,dart_v10,,yesno,"g) Someone of special importance was in love with you?",,,,,,,,y,LV,,,,
dart_013h,dart_v10,,yesno,"h) Your partner was being unfaithful to you even though there was no evidence to suggest this?",,,,,,,,y,LV,,,,
