"Variable / Field Name","Form Name","Section Header","Field Type","Field Label","Choices, Calculations, OR Slider Labels","Field Note","Text Validation Type OR Show Slider Number","Text Validation Min","Text Validation Max",Identifier?,"Branching Logic (Show field only if...)","Required Field?","Custom Alignment","Question Number (surveys only)","Matrix Group Name","Matrix Ranking?","Field Annotation"
wsas_cde_id,wsas_v10,,text,CDE-ID,,,,,,,,,,,,," @HIDDEN @DEFAULT='wsas_v10'"
wsas_camh_cde,wsas_v10,,descriptive,"This instrument was downloaded from the CAMH Common Data Elements Library. All fields have been institutionally standardized and should not be modified. Please direct any questions or concerns to <a href=""mailto:clinical.redcap@camh.ca"">clinical.redcap@camh.ca</a>

This field is @HIDDEN",,,,,,,,,,,,," @HIDDEN"
wsas_instructions,wsas_v10,,descriptive,"<span style=""font-weight: normal;"">Mental health can affect one's ability to do certain day-to-day tasks in their lives. Please read each item below and respond based on how much your mental health impairs your ability to carry out the activity. </span><br /><br /><span style=""font-weight: normal;"">'0' means 'not at all impaired' and '8' means very severely impaired.</span>",,,,,,,,,,,,,
wsas_01,wsas_v10,,radio,"<span style=""font-weight: normal;"">1. Because of my [problem] my </span>ability to work<span style=""font-weight: normal;""> is impaired. </span>","0, Not at all <br>0 | 1, 1 | 2, Slightly <br>2 | 3, 3 | 4, Definitely <br> 4 | 5, 5 | 6, Markedly <br> 6 | 7, 7 | 8, Very severely <br> 8",,,,,,,y,,,x1,,
wsas_02,wsas_v10,,radio,"<span style=""font-weight: normal;"">2. Because of my [problem] my </span>home management<span style=""font-weight: normal;""> (cleaning, tidying, shopping, cooking, looking after home or children, paying bills) is impaired. </span>","0, Not at all <br>0 | 1, 1 | 2, Slightly <br>2 | 3, 3 | 4, Definitely <br> 4 | 5, 5 | 6, Markedly <br> 6 | 7, 7 | 8, Very severely <br> 8",,,,,,,y,,,x1,,
wsas_03,wsas_v10,,radio,"<span style=""font-weight: normal;"">3. Because of my [problem] my </span>social leisure activities<span style=""font-weight: normal;""> (with other people, such as parties, bars, clubs, outings, visits, dating, home entertaining) are impaired.</span>","0, Not at all <br>0 | 1, 1 | 2, Slightly <br>2 | 3, 3 | 4, Definitely <br> 4 | 5, 5 | 6, Markedly <br> 6 | 7, 7 | 8, Very severely <br> 8",,,,,,,y,,,x1,,
wsas_04,wsas_v10,,radio,"<span style=""font-weight: normal;"">4. Because of my [problem], my </span>private leisure activities<span style=""font-weight: normal;""> (done alone, such as reading, gardening, collecting, sewing, walking alone) are impaired.</span>","0, Not at all <br>0 | 1, 1 | 2, Slightly <br>2 | 3, 3 | 4, Definitely <br> 4 | 5, 5 | 6, Markedly <br> 6 | 7, 7 | 8, Very severely <br> 8",,,,,,,y,,,x1,,
wsas_05,wsas_v10,,radio,"<span style=""font-weight: normal;"">5. Because of my [problem], my ability to form and maintain </span>close relationships <span style=""font-weight: normal;"">with others, including those I live with, is impaired.</span>","0, Not at all <br>0 | 1, 1 | 2, Slightly <br>2 | 3, 3 | 4, Definitely <br> 4 | 5, 5 | 6, Markedly <br> 6 | 7, 7 | 8, Very severely <br> 8",,,,,,,y,,,x1,,
wsas_total,wsas_v10,,calc,"<div class=""rich-text-field-label""><p><span style=""font-weight: normal;"">Total score:</span></p></div>","sum([wsas_01],[wsas_02],[wsas_03],[wsas_04],[wsas_05])",,,,,,,,,,,," @HIDDEN-SURVEY"
