"Variable / Field Name","Form Name","Section Header","Field Type","Field Label","Choices, Calculations, OR Slider Labels","Field Note","Text Validation Type OR Show Slider Number","Text Validation Min","Text Validation Max",Identifier?,"Branching Logic (Show field only if...)","Required Field?","Custom Alignment","Question Number (surveys only)","Matrix Group Name","Matrix Ranking?","Field Annotation"
cage_cde_id,cage_aid_v10,,text,"CDE ID

This field is @HIDDEN
",,,,,,,,,,,,," @DEFAULT='cage_aid_v10' @HIDDEN"
cage_aid_camh_cde,cage_aid_v10,,descriptive,"This instrument was downloaded from the CAMH Common Data Elements Library. All fields have been institutionally standardized and should not be modified. Please direct any questions or concerns to <a href=""""mailto:clinical.redcap@camh.ca"""">clinical.redcap@camh.ca</a>

This field is @HIDDEN
",,,,,,,,,,,,," @HIDDEN"
cage_aid_intro,cage_aid_v10,,descriptive,"When thinking about drug use, include illegal drug use and the use of prescription drug use other than prescribed.",,,,,,,,,,,,,
cage_aid_1,cage_aid_v10,,yesno,"Have you ever felt that you ought to cut down on your drinking or drug use?",,,,,,,,y,,,,,
cage_aid_2,cage_aid_v10,,yesno,"Have people annoyed you by criticizing your drinking or drug use?",,,,,,,,y,,,,,
cage_aid_3,cage_aid_v10,,yesno,"Have you ever felt bad or guilty about your drinking or drug use?",,,,,,,,y,,,,,
cage_aid_4,cage_aid_v10,,yesno,"Have you ever had a drink or used drugs  first thing in the morning to steady your nerves or to get rid of a hangover?",,,,,,,,y,,,,,
cage_aid_score,cage_aid_v10,,calc,"Score:

Positive >= 1 
Negative - 0 ","sum([cage_aid_1], [cage_aid_2], [cage_aid_3], [cage_aid_4])",,,,,,,y,,,,," @HIDDEN-SURVEY"
