"Variable / Field Name","Form Name","Section Header","Field Type","Field Label","Choices, Calculations, OR Slider Labels","Field Note","Text Validation Type OR Show Slider Number","Text Validation Min","Text Validation Max",Identifier?,"Branching Logic (Show field only if...)","Required Field?","Custom Alignment","Question Number (surveys only)","Matrix Group Name","Matrix Ranking?","Field Annotation"
bwisdm_cde_id,bwisdm_v10,,text,"CDE ID",,,,,,,,,,,,," @DEFAULT='bwisdm_v10' @HIDDEN"
bwisdm_camh_cde,bwisdm_v10,,descriptive,"This instrument was downloaded from the CAMH Common Data Elements Library. All fields have been institutionally standardized and should not be modified. Please direct any questions or concerns to <a href=""mailto:clinical.redcap@camh.ca"">clinical.redcap@camh.ca</a>

This field is @HIDDEN",,,,,,,,,,,,," @HIDDEN"
bwisdm_001,bwisdm_v10,,radio,"I often smoke without thinking about it.","1, 1: Not true of me at all | 2, 2 | 3, 3 | 4, 4 | 5, 5 | 6, 6 | 7, 7: Extremely true of me",,,,,,,,,,m1,,
bwisdm_002,bwisdm_v10,,radio,"Cigarettes control me.","1, 1: Not true of me at all | 2, 2 | 3, 3 | 4, 4 | 5, 5 | 6, 6 | 7, 7: Extremely true of me",,,,,,,,,,m1,,
bwisdm_003,bwisdm_v10,,radio,"I usually want to smoke right after I wake up.","1, 1: Not true of me at all | 2, 2 | 3, 3 | 4, 4 | 5, 5 | 6, 6 | 7, 7: Extremely true of me",,,,,,,,,,m1,,
bwisdm_004,bwisdm_v10,,radio,"It's hard to ignore an urge to smoke.","1, 1: Not true of me at all | 2, 2 | 3, 3 | 4, 4 | 5, 5 | 6, 6 | 7, 7: Extremely true of me",,,,,,,,,,m1,,
bwisdm_005,bwisdm_v10,,radio,"The flavor of a cigarette is pleasing.","1, 1: Not true of me at all | 2, 2 | 3, 3 | 4, 4 | 5, 5 | 6, 6 | 7, 7: Extremely true of me",,,,,,,,,,m1,,
bwisdm_006,bwisdm_v10,,radio,"I frequently smoke to keep my mind focused.","1, 1: Not true of me at all | 2, 2 | 3, 3 | 4, 4 | 5, 5 | 6, 6 | 7, 7: Extremely true of me",,,,,,,,,,m1,,
bwisdm_007,bwisdm_v10,,radio,"I rely upon smoking to control my hunger and eating.","1, 1: Not true of me at all | 2, 2 | 3, 3 | 4, 4 | 5, 5 | 6, 6 | 7, 7: Extremely true of me",,,,,,,,,,m1,,
bwisdm_008,bwisdm_v10,,radio,"My life is full of reminders to smoke.","1, 1: Not true of me at all | 2, 2 | 3, 3 | 4, 4 | 5, 5 | 6, 6 | 7, 7: Extremely true of me",,,,,,,,,,m1,,
bwisdm_009,bwisdm_v10,,radio,"Smoking helps me feel better in seconds.","1, 1: Not true of me at all | 2, 2 | 3, 3 | 4, 4 | 5, 5 | 6, 6 | 7, 7: Extremely true of me",,,,,,,,,,m1,,
bwisdm_010,bwisdm_v10,,radio,"I smoke without deciding to.","1, 1: Not true of me at all | 2, 2 | 3, 3 | 4, 4 | 5, 5 | 6, 6 | 7, 7: Extremely true of me",,,,,,,,,,m1,,
bwisdm_011,bwisdm_v10,,radio,"Cigarettes keep me company, like a close friend.","1, 1: Not true of me at all | 2, 2 | 3, 3 | 4, 4 | 5, 5 | 6, 6 | 7, 7: Extremely true of me",,,,,,,,LV,,m2,,
bwisdm_012,bwisdm_v10,,radio,"There are particular sights and smells that trigger strong urges to smoke.","1, 1: Not true of me at all | 2, 2 | 3, 3 | 4, 4 | 5, 5 | 6, 6 | 7, 7: Extremely true of me",,,,,,,,LV,,m2,,
bwisdm_013,bwisdm_v10,,radio,"Smoking helps me stay focused.","1, 1: Not true of me at all | 2, 2 | 3, 3 | 4, 4 | 5, 5 | 6, 6 | 7, 7: Extremely true of me",,,,,,,,LV,,m2,,
bwisdm_014,bwisdm_v10,,radio,"I frequently light cigarettes without thinking about it.","1, 1: Not true of me at all | 2, 2 | 3, 3 | 4, 4 | 5, 5 | 6, 6 | 7, 7: Extremely true of me",,,,,,,,LV,,m2,,
bwisdm_015,bwisdm_v10,,radio,"Most of my daily cigarettes taste good.","1, 1: Not true of me at all | 2, 2 | 3, 3 | 4, 4 | 5, 5 | 6, 6 | 7, 7: Extremely true of me",,,,,,,,LV,,m2,,
bwisdm_016,bwisdm_v10,,radio,"Sometimes I feel like cigarettes rule my life.","1, 1: Not true of me at all | 2, 2 | 3, 3 | 4, 4 | 5, 5 | 6, 6 | 7, 7: Extremely true of me",,,,,,,,LV,,m2,,
bwisdm_017,bwisdm_v10,,radio,"I frequently crave cigarettes.","1, 1: Not true of me at all | 2, 2 | 3, 3 | 4, 4 | 5, 5 | 6, 6 | 7, 7: Extremely true of me",,,,,,,,LV,,m2,,
bwisdm_018,bwisdm_v10,,radio,"Most of the people I spend time with are smokers.","1, 1: Not true of me at all | 2, 2 | 3, 3 | 4, 4 | 5, 5 | 6, 6 | 7, 7: Extremely true of me",,,,,,,,LV,,m2,,
bwisdm_019,bwisdm_v10,,radio,"Weight control is a major reason that I smoke.","1, 1: Not true of me at all | 2, 2 | 3, 3 | 4, 4 | 5, 5 | 6, 6 | 7, 7: Extremely true of me",,,,,,,,LV,,m2,,
bwisdm_020,bwisdm_v10,,radio,"Some of the cigarettes I smoke taste great.","1, 1: Not true of me at all | 2, 2 | 3, 3 | 4, 4 | 5, 5 | 6, 6 | 7, 7: Extremely true of me",,,,,,,,LV,,m2,,
bwisdm_021,bwisdm_v10,,radio,"I'm really hooked on cigarettes.","1, 1: Not true of me at all | 2, 2 | 3, 3 | 4, 4 | 5, 5 | 6, 6 | 7, 7: Extremely true of me",,,,,,,,,,m3,,
bwisdm_022,bwisdm_v10,,radio,"Sometimes I feel like cigarettes are my best friends.","1, 1: Not true of me at all | 2, 2 | 3, 3 | 4, 4 | 5, 5 | 6, 6 | 7, 7: Extremely true of me",,,,,,,,,,m3,,
bwisdm_023,bwisdm_v10,,radio,"My urges to smoke keep getting stronger if I don't smoke.","1, 1: Not true of me at all | 2, 2 | 3, 3 | 4, 4 | 5, 5 | 6, 6 | 7, 7: Extremely true of me",,,,,,,,,,m3,,
bwisdm_024,bwisdm_v10,,radio,"Seeing someone smoke makes me really want a cigarette.","1, 1: Not true of me at all | 2, 2 | 3, 3 | 4, 4 | 5, 5 | 6, 6 | 7, 7: Extremely true of me",,,,,,,,,,m3,,
bwisdm_025,bwisdm_v10,,radio,"I find myself reaching for cigarettes without thinking about it.","1, 1: Not true of me at all | 2, 2 | 3, 3 | 4, 4 | 5, 5 | 6, 6 | 7, 7: Extremely true of me",,,,,,,,,,m3,,
bwisdm_026,bwisdm_v10,,radio,"I would feel alone without my cigarettes.","1, 1: Not true of me at all | 2, 2 | 3, 3 | 4, 4 | 5, 5 | 6, 6 | 7, 7: Extremely true of me",,,,,,,,,,m3,,
bwisdm_027,bwisdm_v10,,radio,"A lot of my friends or family smoke.","1, 1: Not true of me at all | 2, 2 | 3, 3 | 4, 4 | 5, 5 | 6, 6 | 7, 7: Extremely true of me",,,,,,,,,,m3,,
bwisdm_028,bwisdm_v10,,radio,"Other smokers would consider me a heavy smoker.","1, 1: Not true of me at all | 2, 2 | 3, 3 | 4, 4 | 5, 5 | 6, 6 | 7, 7: Extremely true of me",,,,,,,,,,m3,,
bwisdm_029,bwisdm_v10,,radio,"When I haven't been able to smoke for a few hours, the craving gets intolerable.","1, 1: Not true of me at all | 2, 2 | 3, 3 | 4, 4 | 5, 5 | 6, 6 | 7, 7: Extremely true of me",,,,,,,,,,m3,,
bwisdm_030,bwisdm_v10,,radio,"Most of my friends and acquaintances smoke.","1, 1: Not true of me at all | 2, 2 | 3, 3 | 4, 4 | 5, 5 | 6, 6 | 7, 7: Extremely true of me",,,,,,,,,,m3,,
bwisdm_031,bwisdm_v10,,radio,"I smoke within the first 30 minutes of awakening in the morning.","1, 1: Not true of me at all | 2, 2 | 3, 3 | 4, 4 | 5, 5 | 6, 6 | 7, 7: Extremely true of me",,,,,,,,LV,,m4,,
bwisdm_032,bwisdm_v10,,radio,"Smoking helps me think better.","1, 1: Not true of me at all | 2, 2 | 3, 3 | 4, 4 | 5, 5 | 6, 6 | 7, 7: Extremely true of me",,,,,,,,LV,,m4,,
bwisdm_033,bwisdm_v10,,radio,"Smoking really helps me feel better if I","1, 1: Not true of me at all | 2, 2 | 3, 3 | 4, 4 | 5, 5 | 6, 6 | 7, 7: Extremely true of me",,,,,,,,LV,,m4,,
bwisdm_034,bwisdm_v10,,radio,"Smoking keeps me from overeating.","1, 1: Not true of me at all | 2, 2 | 3, 3 | 4, 4 | 5, 5 | 6, 6 | 7, 7: Extremely true of me",,,,,,,,LV,,m4,,
bwisdm_035,bwisdm_v10,,radio,"My smoking is out of control.","1, 1: Not true of me at all | 2, 2 | 3, 3 | 4, 4 | 5, 5 | 6, 6 | 7, 7: Extremely true of me",,,,,,,,LV,,m4,,
bwisdm_036,bwisdm_v10,,radio,"I consider myself a heavy smoker.","1, 1: Not true of me at all | 2, 2 | 3, 3 | 4, 4 | 5, 5 | 6, 6 | 7, 7: Extremely true of me",,,,,,,,LV,,m4,,
bwisdm_037,bwisdm_v10,,radio,"Even when I feel good, smoking helps me feel better.","1, 1: Not true of me at all | 2, 2 | 3, 3 | 4, 4 | 5, 5 | 6, 6 | 7, 7: Extremely true of me",,,,,,,,LV,,m4,,
bwisdm_score_aa,bwisdm_v10,Subscales,calc,"Affiliative Attachment
","mean([bwisdm_011], [bwisdm_022], [bwisdm_026])",,,,,,,,,,,," @HIDDEN-SURVEY"
bwisdm_score_auto,bwisdm_v10,,calc,Automaticity,"mean([bwisdm_001], [bwisdm_010], [bwisdm_014], [bwisdm_025])",,,,,,,,,,,," @HIDDEN-SURVEY"
bwisdm_score_loc,bwisdm_v10,,calc,"Loss of Control","mean([bwisdm_002],[bwisdm_016],[bwisdm_021],[bwisdm_035])",,,,,,,,,,,," @HIDDEN-SURVEY"
bwisdm_score_ce,bwisdm_v10,,calc,"Cognitive Enhancement","mean([bwisdm_006],[bwisdm_013],[bwisdm_032])",,,,,,,,,,,," @HIDDEN-SURVEY"
bwisdm_score_cra,bwisdm_v10,,calc,Craving,"mean([bwisdm_004],[bwisdm_017],[bwisdm_023],[bwisdm_029])",,,,,,,,,,,," @HIDDEN-SURVEY"
bwisdm_score_ceap,bwisdm_v10,,calc,"Cue exposure/Associative Processes","mean([bwisdm_008],[bwisdm_012],[bwisdm_024])",,,,,,,,,,,," @HIDDEN-SURVEY"
bwisdm_score_sg,bwisdm_v10,,calc,"Social/Environmental Goads","mean([bwisdm_018], [bwisdm_027],[bwisdm_030])",,,,,,,,,,,," @HIDDEN-SURVEY"
bwisdm_score_taste,bwisdm_v10,,calc,Taste,"mean([bwisdm_005],[bwisdm_015],[bwisdm_020])",,,,,,,,,,,," @HIDDEN-SURVEY"
bwisdm_score_tol,bwisdm_v10,,calc,Tolerance,"mean([bwisdm_003],[bwisdm_028],[bwisdm_031],[bwisdm_036])",,,,,,,,,,,," @HIDDEN-SURVEY"
bwisdm_score_wc,bwisdm_v10,,calc,"Weight Control","mean([bwisdm_007],[bwisdm_019],[bwisdm_034])",,,,,,,,,,,," @HIDDEN-SURVEY"
bwisdm_score_ae,bwisdm_v10,,calc,"Affective Enhancement","mean([bwisdm_009],[bwisdm_033],[bwisdm_037])",,,,,,,,,,,," @HIDDEN-SURVEY"
bwisdm_score_pd,bwisdm_v10,,calc,"Primary Dependence Motives Scale","mean([bwisdm_score_auto],[bwisdm_score_loc],[bwisdm_score_cra],[bwisdm_score_tol])",,,,,,,,,,,," @HIDDEN-SURVEY"
bwisdm_score_total,bwisdm_v10,,calc,"Total Score","[bwisdm_score_aa] + [bwisdm_score_auto] + [bwisdm_score_loc] + [bwisdm_score_ce] + [bwisdm_score_cra] + [bwisdm_score_ceap] + [bwisdm_score_sg] + [bwisdm_score_taste] + [bwisdm_score_tol] + [bwisdm_score_wc] + [bwisdm_score_ae]",,,,,,,,,,,," @HIDDEN-SURVEY"
